x,y,z,q0,q1,q2,q3,q4,q5
0.0,0.0,0.0,0.0,0.0,0.0,0.0,0.0,0.0
0.0,0.0,1.0,0.0,0.0,0.0,0.0,0.0,0.0
0.0,0.0,2.0,0.0,0.0,0.0,0.0,0.0,0.0
0.0,0.0,3.0,0.0,0.0,0.0,0.0,0.0,0.0
0.0,0.0,4.0,0.0,0.0,0.0,0.0,0.0,0.0
0.0,0.0,5.0,0.0,0.0,0.0,0.0,0.0,0.0
0.0,1.0,0.0,0.0,0.0,0.0,0.0,0.0,0.0
0.0,1.0,1.0,0.0,0.0,0.0,0.0,0.0,0.0
0.0,1.0,2.0,0.0,0.0,0.0,0.0,0.0,0.0
0.0,1.0,3.0,0.0,0.0,0.0,0.0,0.0,0.0
0.0,1.0,4.0,0.0,0.0,0.0,0.0,0.0,0.0
0.0,1.0,5.0,0.0,0.0,0.0,0.0,0.0,0.0
0.0,2.0,0.0,0.0,0.0,0.0,0.0,0.0,0.0
0.0,2.0,1.0,0.0,0.0,0.0,0.0,0.0,0.0
0.0,2.0,2.0,0.0,0.0,0.0,0.0,0.0,0.0
0.0,2.0,3.0,0.0,0.0,0.0,0.0,0.0,0.0
0.0,2.0,4.0,0.0,0.0,0.0,0.0,0.0,0.0
0.0,2.0,5.0,0.0,0.0,0.0,0.0,0.0,0.0
0.0,3.0,0.0,0.0,0.0,0.0,0.0,0.0,0.0
0.0,3.0,1.0,0.0,0.0,0.0,0.0,0.0,0.0
0.0,3.0,2.0,0.0,0.0,0.0,0.0,0.0,0.0
0.0,3.0,3.0,0.0,0.0,0.0,0.0,0.0,0.0
0.0,3.0,4.0,0.0,0.0,0.0,0.0,0.0,0.0
0.0,3.0,5.0,0.0,0.0,0.0,0.0,0.0,0.0
0.0,4.0,0.0,0.0,0.0,0.0,0.0,0.0,0.0
0.0,4.0,1.0,0.0,0.0,0.0,0.0,0.0,0.0
0.0,4.0,2.0,0.0,0.0,0.0,0.0,0.0,0.0
0.0,4.0,3.0,0.0,0.0,0.0,0.0,0.0,0.0
0.0,4.0,4.0,0.0,0.0,0.0,0.0,0.0,0.0
0.0,4.0,5.0,0.0,0.0,0.0,0.0,0.0,0.0
0.0,5.0,0.0,6.10787516482677,0.0,0.0,0.0,0.0,0.0
0.0,5.0,1.0,0.0,0.0,0.0,0.0,0.0,0.0
0.0,5.0,2.0,0.0,0.0,0.0,0.0,-2.258742693517334,0.0
0.0,5.0,3.0,0.0,0.0,-3.689053631853822,0.0,0.0,0.0
0.0,5.0,4.0,0.0,0.0,0.0,0.0,0.0,0.0
0.0,5.0,5.0,0.0,0.0,0.0,0.0,0.0,0.0
0.0,6.0,0.0,0.0,0.0,0.0,0.0,0.0,0.0
0.0,6.0,1.0,0.0,0.0,0.0,0.0,0.0,0.0
0.0,6.0,2.0,0.0,0.0,0.0,0.0,0.0,0.0
0.0,6.0,3.0,6.7147702497910675,0.0,0.0,0.0,0.0,0.0
0.0,6.0,4.0,0.0,0.0,0.0,0.0,0.0,0.0
0.0,6.0,5.0,0.0,0.0,0.0,0.0,0.0,0.0
0.0,7.0,0.0,0.0,0.0,0.0,0.0,0.0,0.0
0.0,7.0,1.0,0.0,0.0,0.0,0.0,0.0,0.0
0.0,7.0,2.0,0.0,0.0,0.0,0.0,0.0,0.0
0.0,7.0,3.0,0.0,0.0,0.0,0.0,0.0,0.0
0.0,7.0,4.0,0.0,0.0,0.0,0.0,0.0,0.0
0.0,7.0,5.0,0.0,0.0,0.0,0.0,0.0,0.0
0.0,8.0,0.0,0.0,0.0,0.0,0.0,0.0,0.0
0.0,8.0,1.0,0.0,0.0,0.0,0.0,0.0,0.0
0.0,8.0,2.0,0.0,0.0,0.0,0.0,0.0,0.0
0.0,8.0,3.0,0.0,0.0,0.0,0.0,0.0,0.0
0.0,8.0,4.0,0.0,0.0,0.0,0.0,0.0,0.0
0.0,8.0,5.0,0.0,0.0,0.0,0.0,0.0,0.0
0.0,9.0,0.0,0.0,0.0,0.0,0.0,0.0,0.0
0.0,9.0,1.0,0.0,0.0,0.0,0.0,0.0,0.0
0.0,9.0,2.0,0.0,0.0,0.0,0.0,0.0,0.0
0.0,9.0,3.0,0.0,0.0,0.0,0.0,0.0,0.0
0.0,9.0,4.0,0.0,0.0,0.0,0.0,0.0,0.0
0.0,9.0,5.0,0.0,0.0,0.0,0.0,0.0,0.0
0.0,10.0,0.0,0.0,0.0,0.0,0.0,0.0,0.0
0.0,10.0,1.0,0.0,0.0,0.0,0.0,0.0,0.0
0.0,10.0,2.0,0.0,0.0,0.0,0.0,0.0,0.0
0.0,10.0,3.0,0.0,0.0,0.0,0.0,0.0,0.0
0.0,10.0,4.0,0.0,0.0,0.0,0.0,0.0,0.0
0.0,10.0,5.0,0.0,0.0,0.0,0.0,0.0,0.0
1.0,0.0,0.0,0.0,0.0,0.0,0.0,0.0,0.0
1.0,0.0,1.0,0.0,0.0,0.0,0.0,0.0,0.0
1.0,0.0,2.0,0.0,0.0,0.0,0.0,0.0,0.0
1.0,0.0,3.0,0.0,0.0,0.0,0.0,0.0,0.0
1.0,0.0,4.0,0.0,0.0,0.0,0.0,0.0,0.0
1.0,0.0,5.0,0.0,0.0,0.0,0.0,0.0,0.0
1.0,1.0,0.0,0.0,0.0,0.0,0.0,0.0,0.0
1.0,1.0,1.0,0.0,0.0,0.0,0.0,0.0,0.0
1.0,1.0,2.0,0.0,0.0,0.0,0.0,0.0,0.0
1.0,1.0,3.0,0.0,0.0,0.0,0.0,0.0,0.0
1.0,1.0,4.0,0.0,0.0,0.0,0.0,0.0,0.0
1.0,1.0,5.0,0.0,0.0,0.0,0.0,0.0,0.0
1.0,2.0,0.0,0.0,0.0,0.0,0.0,0.0,0.0
1.0,2.0,1.0,0.0,0.0,0.0,0.0,0.0,0.0
1.0,2.0,2.0,0.0,0.0,0.0,0.0,0.0,0.0
1.0,2.0,3.0,0.0,0.0,0.0,0.0,0.0,0.0
1.0,2.0,4.0,0.0,0.0,0.0,0.0,0.0,0.0
1.0,2.0,5.0,0.0,0.0,0.0,0.0,0.0,0.0
1.0,3.0,0.0,14.634292063592028,0.0,0.0,0.0,-0.30344894443110615,0.0
1.0,3.0,1.0,89.73397857275287,0.0,0.0,0.0,0.0,0.0
1.0,3.0,2.0,13.896422963569453,0.0,0.0,0.0,0.0,0.0
1.0,3.0,3.0,0.0,0.0,0.0,0.0,0.0,0.0
1.0,3.0,4.0,0.0,0.0,0.0,0.0,0.0,0.0
1.0,3.0,5.0,0.0,0.0,0.0,0.0,0.0,0.0
1.0,4.0,0.0,0.0,0.0,0.0,0.0,0.0,0.0
1.0,4.0,1.0,0.0,0.0,0.0,0.0,0.0,0.0
1.0,4.0,2.0,9.399784667954624,0.0,0.0,4.046798148610018,0.0,0.0
1.0,4.0,3.0,0.0,0.0,0.0,0.0,0.0,0.0
1.0,4.0,4.0,0.0,0.0,0.0,0.0,0.0,0.0
1.0,4.0,5.0,0.0,0.0,0.0,0.0,0.0,0.0
1.0,5.0,0.0,1409.5772498404249,-6.10787516482677,0.0,0.0,0.0,0.0
1.0,5.0,1.0,630.8861293552288,0.0,0.0,0.0,-0.8314298455094793,0.0
1.0,5.0,2.0,0.0,-6.021377459473409,0.0,0.0,0.0,0.0
1.0,5.0,3.0,0.0,0.0,0.0,0.0,0.0,0.0
1.0,5.0,4.0,0.0,0.0,0.0,0.0,0.0,0.0
1.0,5.0,5.0,0.0,0.0,0.0,0.0,0.0,0.0
1.0,6.0,0.0,0.0,0.0,-4.378075226913924,4.008135328553563,15.79953509214771,0.0
1.0,6.0,1.0,402.74936296906355,0.0,0.0,0.0,-0.7922356415967502,0.0
1.0,6.0,2.0,52.7037539831168,0.0,0.0,0.0,0.0,0.0
1.0,6.0,3.0,6.53026941532394,0.0,0.0,0.0,0.0,0.0
1.0,6.0,4.0,0.0,0.0,0.0,0.0,0.0,0.0
1.0,6.0,5.0,0.0,0.0,0.0,0.0,0.0,0.0
1.0,7.0,0.0,38.10014263065633,0.0,0.0,0.0,0.0,0.0
1.0,7.0,1.0,0.0,0.0,0.0,0.0,0.0,0.0
1.0,7.0,2.0,0.0,0.0,0.0,0.0,0.0,0.0
1.0,7.0,3.0,0.0,0.0,0.0,0.0,0.0,0.0
1.0,7.0,4.0,0.0,0.0,0.0,0.0,0.0,0.0
1.0,7.0,5.0,5.056225694163662,0.0,0.0,0.0,0.0,0.0
1.0,8.0,0.0,0.0,0.0,0.0,0.0,0.0,0.0
1.0,8.0,1.0,0.0,0.0,-3.949650760058421,0.0,0.0,0.0
1.0,8.0,2.0,0.0,0.0,0.0,0.0,0.0,0.0
1.0,8.0,3.0,0.0,0.0,0.0,0.0,0.0,0.0
1.0,8.0,4.0,0.0,0.0,0.0,0.0,0.0,0.0
1.0,8.0,5.0,0.0,0.0,0.0,0.0,0.0,0.0
1.0,9.0,0.0,0.0,0.0,0.0,0.0,0.0,0.0
1.0,9.0,1.0,5.949650760058422,0.0,0.0,0.0,0.0,0.0
1.0,9.0,2.0,0.0,0.0,0.0,0.0,0.0,0.0
1.0,9.0,3.0,0.0,0.0,0.0,0.0,0.0,0.0
1.0,9.0,4.0,0.0,0.0,0.0,0.0,0.0,0.0
1.0,9.0,5.0,0.0,0.0,0.0,0.0,0.0,0.0
1.0,10.0,0.0,0.0,0.0,0.0,0.0,0.0,0.0
1.0,10.0,1.0,0.0,0.0,0.0,0.0,0.0,0.0
1.0,10.0,2.0,0.0,0.0,0.0,0.0,0.0,0.0
1.0,10.0,3.0,0.0,0.0,0.0,0.0,0.0,0.0
1.0,10.0,4.0,0.0,0.0,0.0,0.0,0.0,0.0
1.0,10.0,5.0,0.0,0.0,0.0,0.0,0.0,0.0
2.0,0.0,0.0,0.0,0.0,0.0,0.0,0.0,0.0
2.0,0.0,1.0,0.0,0.0,0.0,0.0,0.0,0.0
2.0,0.0,2.0,0.0,0.0,0.0,0.0,0.0,0.0
2.0,0.0,3.0,0.0,0.0,0.0,0.0,0.0,0.0
2.0,0.0,4.0,0.0,0.0,0.0,0.0,0.0,0.0
2.0,0.0,5.0,0.0,0.0,0.0,0.0,0.0,0.0
2.0,1.0,0.0,0.0,0.0,0.0,0.0,0.0,0.0
2.0,1.0,1.0,0.0,0.0,0.0,0.0,0.0,0.0
2.0,1.0,2.0,0.0,0.0,0.0,0.0,0.0,0.0
2.0,1.0,3.0,0.0,0.0,0.0,0.0,0.0,0.0
2.0,1.0,4.0,0.0,0.0,0.0,0.0,0.0,0.0
2.0,1.0,5.0,0.0,0.0,0.0,0.0,0.0,0.0
2.0,2.0,0.0,373.5881390850575,0.0,0.0,0.0,0.0,0.0
2.0,2.0,1.0,0.0,0.0,0.0,0.0,-1.0314797404185116,0.0
2.0,2.0,2.0,15.314517991880658,0.0,0.0,0.0,0.0,0.0
2.0,2.0,3.0,0.0,0.0,0.0,0.0,0.0,0.0
2.0,2.0,4.0,0.0,0.0,0.0,0.0,0.0,0.0
2.0,2.0,5.0,0.0,0.0,0.0,0.0,0.0,0.0
2.0,3.0,0.0,476.1723688005448,-10.793715496623214,2307.2022619518425,15.429273395144868,82.73601546999481,0.0
2.0,3.0,1.0,2080.0263236101378,0.0,0.0,3.707233978523665,0.0,0.0
2.0,3.0,2.0,208.24700175724269,-4.589830047461094,0.0,0.0,0.0,0.0
2.0,3.0,3.0,23.396506322101178,0.0,0.0,0.0,0.0,0.0
2.0,3.0,4.0,0.0,0.0,-2.101426887307001,0.0,0.0,0.0
2.0,3.0,5.0,0.0,0.0,0.0,0.0,0.0,0.0
2.0,4.0,0.0,4698.743737097113,0.0,871.5771458200143,408.16912352254553,501.7610885642862,827.9405411857853
2.0,4.0,1.0,3143.4266710731977,0.0,0.0,128.85165619297965,1.3383248292403325,0.0
2.0,4.0,2.0,0.0,-8.774543145514174,23.14975566970814,13.554314878757317,0.0,0.0
2.0,4.0,3.0,12.922978219196272,0.0,0.0,0.0,0.0,0.0
2.0,4.0,4.0,8.4669056270853,0.0,0.0,0.0,0.0,0.0
2.0,4.0,5.0,0.0,0.0,0.0,0.0,0.0,0.0
2.0,5.0,0.0,5070.011093191473,153.5851663283698,671.6655651099757,1271.3865600816391,1867.2631693272847,2496.0581095486014
2.0,5.0,1.0,4956.851363995133,7.049713160773072,0.0,0.0,148.9596074639532,1302.263778970454
2.0,5.0,2.0,1443.50135987768,0.0,-2.6858875349723785,7.054444558860315,-1.4771166936496716,0.0
2.0,5.0,3.0,0.0,0.0,0.0,4.687644085298191,0.0,0.0
2.0,5.0,4.0,0.0,0.0,0.0,0.0,0.0,0.0
2.0,5.0,5.0,0.0,0.0,0.0,0.0,0.0,0.0
2.0,6.0,0.0,506.71244165612245,-14.733598479723415,93.67764748694776,3587.7993712638804,480.9439088817186,18.516655445593045
2.0,6.0,1.0,3595.8645709961133,7.148558073055917,121.30796931061806,1161.8663096647629,0.0,478.3824578391359
2.0,6.0,2.0,800.8313854415162,0.0,0.0,5.200763079880553,0.0,0.0
2.0,6.0,3.0,194.09222609008526,0.0,0.0,0.0,0.0,0.0
2.0,6.0,4.0,0.0,0.0,-2.858064012344791,0.0,0.0,0.0
2.0,6.0,5.0,0.0,0.0,0.0,0.0,0.0,0.0
2.0,7.0,0.0,1825.1820150007889,0.0,0.0,0.0,38.910348475931045,110.73942257642726
2.0,7.0,1.0,1243.848547087823,0.0,-2.8185745881149047,87.74928849676733,-0.8058421706916509,0.0
2.0,7.0,2.0,196.91861762726649,0.0,0.0,0.0,0.0,0.0
2.0,7.0,3.0,0.0,0.0,0.0,0.0,0.0,0.0
2.0,7.0,4.0,0.0,0.0,0.0,5.391857949328292,-3.248918315022641,0.0
2.0,7.0,5.0,0.0,-5.056225694163662,-4.590982829310174,0.0,0.0,0.0
2.0,8.0,0.0,0.0,0.0,0.0,0.0,0.0,0.0
2.0,8.0,1.0,59.38035726018168,-4.187115306353684,0.0,0.0,0.0,0.0
2.0,8.0,2.0,0.0,0.0,0.0,0.0,0.0,0.0
2.0,8.0,3.0,0.0,0.0,0.0,0.0,0.0,0.0
2.0,8.0,4.0,0.0,0.0,0.0,0.0,0.0,0.0
2.0,8.0,5.0,4.590982829310174,0.0,0.0,0.0,0.0,0.0
2.0,9.0,0.0,0.0,0.0,0.0,0.0,0.0,0.0
2.0,9.0,1.0,5.6807401110734554,0.0,0.0,0.0,0.0,0.0
2.0,9.0,2.0,0.0,0.0,0.0,0.0,0.0,0.0
2.0,9.0,3.0,0.0,0.0,0.0,0.0,0.0,0.0
2.0,9.0,4.0,0.0,0.0,0.0,0.0,0.0,0.0
2.0,9.0,5.0,0.0,0.0,0.0,0.0,0.0,0.0
2.0,10.0,0.0,0.0,0.0,0.0,0.0,0.0,0.0
2.0,10.0,1.0,0.0,0.0,0.0,0.0,0.0,0.0
2.0,10.0,2.0,0.0,0.0,0.0,0.0,0.0,0.0
2.0,10.0,3.0,0.0,0.0,0.0,0.0,0.0,0.0
2.0,10.0,4.0,0.0,0.0,0.0,0.0,0.0,0.0
2.0,10.0,5.0,0.0,0.0,0.0,0.0,0.0,0.0
3.0,0.0,0.0,40.77616520156112,0.0,0.0,0.0,0.0,0.6705767664977298
3.0,0.0,1.0,0.0,0.0,0.0,0.0,0.0,0.0
3.0,0.0,2.0,0.0,0.0,0.0,0.0,0.0,0.0
3.0,0.0,3.0,0.0,0.0,0.0,0.0,0.0,0.0
3.0,0.0,4.0,0.0,0.0,0.0,0.0,0.0,0.0
3.0,0.0,5.0,0.0,0.0,0.0,0.0,0.0,0.0
3.0,1.0,0.0,169.13991646801546,0.0,34.159266532498116,0.0,0.0,0.0
3.0,1.0,1.0,0.0,0.0,0.0,0.0,0.0,0.0
3.0,1.0,2.0,7.457953671251592,0.0,0.0,0.0,0.0,0.0
3.0,1.0,3.0,0.0,0.0,0.0,0.0,0.0,0.0
3.0,1.0,4.0,0.0,0.0,0.0,0.0,0.0,0.0
3.0,1.0,5.0,0.0,0.0,0.0,0.0,0.0,0.0
3.0,2.0,0.0,3585.0474482399736,-6.577787152645825,0.0,0.0,0.0,121.8057054676124
3.0,2.0,1.0,1642.9175387093533,0.0,0.0,0.0,8.641377430069491,161.9000502666697
3.0,2.0,2.0,79.93649114943673,0.0,0.0,0.0,0.0,188.15677381673322
3.0,2.0,3.0,78.37896157530588,0.0,0.0,0.0,0.0,0.0
3.0,2.0,4.0,0.0,0.0,0.0,0.0,0.0,0.0
3.0,2.0,5.0,0.0,0.0,0.0,0.0,0.0,0.0
3.0,3.0,0.0,4988.729136566752,634.5884717470561,1713.6590202026832,869.0257852452528,749.5105927515938,2402.4287030453593
3.0,3.0,1.0,4737.799696662415,372.3965947501417,0.0,133.1874880869569,24.37255630276728,857.1304741217992
3.0,3.0,2.0,239.58659324294013,0.0,0.0,0.0,0.0,1459.160263090485
3.0,3.0,3.0,312.8606020883203,-5.023130583001984,0.0,0.0,0.0,0.0
3.0,3.0,4.0,13.189045274060433,-4.801567483787512,0.0,0.0,0.0,10.872470205984804
3.0,3.0,5.0,0.0,0.0,0.0,0.0,0.0,0.0
3.0,4.0,0.0,5069.867381112568,3555.28144210123,4572.429450075806,3605.6028084688714,4680.871342290739,4404.246442395598
3.0,4.0,1.0,5121.970419470117,914.3045802149595,2867.158709148539,2158.5393063798965,1766.8296342295587,1727.5928743244529
3.0,4.0,2.0,4373.4770645092885,-9.417749202160923,-3.0318817831830884,4.497707686925866,392.0069683328964,0.0
3.0,4.0,3.0,2260.284166611415,-4.128212302892548,0.0,10.79427862253729,19.301909670961273,0.0
3.0,4.0,4.0,155.52088072725383,0.0,0.0,18.78673133138218,0.0,200.27237776028346
3.0,4.0,5.0,0.0,0.0,0.0,0.0,0.0,0.0
3.0,5.0,0.0,5060.575088327201,4939.46463208903,4965.57662411949,5058.358814483607,5067.598623824609,5010.035983087556
3.0,5.0,1.0,5122.1647731483445,4135.993807243422,4377.155534077496,4810.352105160091,3865.2036192926134,4763.818667916124
3.0,5.0,2.0,5045.694554699984,100.50753547509167,810.5173418148172,971.21281646958,155.61142820835647,2383.9211934437376
3.0,5.0,3.0,1668.5821844146271,0.0,95.39674037834597,215.10283380669847,0.0,471.1727615806876
3.0,5.0,4.0,450.174168591765,0.0,-3.2507271004449616,0.0,0.0,0.0
3.0,5.0,5.0,15.496384240835797,0.0,0.0,0.0,0.0,0.0
3.0,6.0,0.0,5062.6917941979455,1336.396764392415,2918.952240214904,4607.320448813035,4550.198218716333,4385.94391541628
3.0,6.0,1.0,5126.421782888496,2107.143420085111,3364.9882886569,3973.95088332774,2005.955906235461,4176.771598574157
3.0,6.0,2.0,2050.206960783393,8.00725063214701,60.97311623936474,1991.1740265542742,165.9670124833863,4404.486618511699
3.0,6.0,3.0,1809.34207653104,0.4865066536965488,0.0,5.865493950174843,-1.4125022089002712,4.116423185094602
3.0,6.0,4.0,41.908657952373545,0.0,0.0,0.0,0.0,0.0
3.0,6.0,5.0,0.0,0.0,0.0,0.0,0.0,0.0
3.0,7.0,0.0,4981.951543684185,231.76023043378052,147.4656683237259,1368.0761943946359,421.90298802425235,159.08183338678506
3.0,7.0,1.0,4973.315191346221,144.36905824157392,-4.198515014122417,1957.7310023011328,546.8333033718267,1250.728306657006
3.0,7.0,2.0,795.6340063242213,0.0,18.028476160736407,0.0,0.0,2490.1231310017083
3.0,7.0,3.0,0.0,0.0,0.0,0.0,0.0,0.0
3.0,7.0,4.0,5.621155935266818,-3.930243065920469,0.0,0.0,0.0,0.0
3.0,7.0,5.0,4.47823672419102,0.0,0.0,0.0,0.0,4.38710233063808
3.0,8.0,0.0,48.48454430951689,0.0,0.0,1630.8927466183238,15.765368435960776,0.0
3.0,8.0,1.0,824.654184556844,0.0,0.0,626.6129515770542,0.0,0.0
3.0,8.0,2.0,5.571575135172223,0.0,0.0,345.66504099787016,-1.3204411891574286,0.0
3.0,8.0,3.0,6.000399162284381,0.0,0.0,0.0,0.0,0.0
3.0,8.0,4.0,0.0,0.0,0.0,0.0,0.0,0.0
3.0,8.0,5.0,0.0,0.0,0.0,4.79205905030503,0.0,0.0
3.0,9.0,0.0,48.33713710760686,0.0,0.0,0.0,0.0,0.0
3.0,9.0,1.0,0.0,0.0,0.0,61.70256981890639,0.0,0.0
3.0,9.0,2.0,0.0,0.0,0.0,0.0,0.0,0.0
3.0,9.0,3.0,0.0,0.0,0.0,0.0,0.0,0.0
3.0,9.0,4.0,0.0,0.0,0.0,0.0,0.0,0.0
3.0,9.0,5.0,0.0,0.0,0.0,0.0,0.0,0.0
3.0,10.0,0.0,0.0,0.0,0.0,0.0,0.0,0.0
3.0,10.0,1.0,0.0,0.0,0.0,0.0,0.0,0.0
3.0,10.0,2.0,0.0,0.0,0.0,0.0,0.0,0.0
3.0,10.0,3.0,0.0,0.0,0.0,0.0,0.0,0.0
3.0,10.0,4.0,0.0,0.0,0.0,0.0,0.0,0.0
3.0,10.0,5.0,0.0,0.0,0.0,0.0,0.0,0.0
4.0,0.0,0.0,921.1536117713657,-16.382369637264347,0.0,0.0,7.702056754825463,0.0
4.0,0.0,1.0,170.1679604769708,0.0,0.0,0.6612845885124107,0.0,0.0
4.0,0.0,2.0,0.0,0.0,0.0,0.0,0.0,0.0
4.0,0.0,3.0,0.0,0.0,0.0,0.0,0.0,0.0
4.0,0.0,4.0,0.0,0.0,0.0,0.0,0.0,0.0
4.0,0.0,5.0,0.0,0.0,0.0,0.0,0.0,0.0
4.0,1.0,0.0,3429.045585893878,4.003483632350656,1665.6183232559388,61.932619728150165,66.75837138194284,253.04460466337355
4.0,1.0,1.0,1353.4768087541124,0.0,0.0,3.456971256660473,-1.3781951568582418,0.0
4.0,1.0,2.0,7.345678883261984,-5.457953671251592,49.82576354092074,0.0,-2.18934735371496,0.0
4.0,1.0,3.0,40.254283422471126,0.0,0.0,0.0,0.0,0.0
4.0,1.0,4.0,0.0,0.0,0.0,0.0,0.0,0.0
4.0,1.0,5.0,0.0,0.0,0.0,0.0,0.0,0.0
4.0,2.0,0.0,5087.671612237275,780.1346388573027,3056.3441940715597,1414.3600530121337,2187.008606744661,1852.087384422379
4.0,2.0,1.0,5022.2954545636285,229.41724394432822,955.7983562902391,111.48675911007135,291.6260448134192,872.2257568356549
4.0,2.0,2.0,1268.2610776954593,-5.8895069888521725,2621.3770504548334,3.3286297736790966,24.188956621547078,698.3339452093126
4.0,2.0,3.0,993.31046125957,-5.0460885725269415,153.35739162379622,4.168037927174956,0.0,75.63399362829253
4.0,2.0,4.0,0.0,0.0,0.0,0.0,0.0,0.0
4.0,2.0,5.0,0.0,0.0,0.0,0.0,0.0,0.0
4.0,3.0,0.0,5072.756374776207,4418.859541368242,4932.63292944479,4823.626526714958,4922.701970476279,4902.765886418833
4.0,3.0,1.0,5106.576431849906,2378.5882926430413,3747.519078819933,3534.751244241326,2469.833629686591,3755.9075781926654
4.0,3.0,2.0,5012.792609563425,68.62240288860447,500.7732273558394,608.1674753396101,290.28473578376764,1368.759562574171
4.0,3.0,3.0,2196.6659096838443,11.541626339689067,0.0,117.94314180718845,1.5808814082610227,206.65916052568366
4.0,3.0,4.0,235.02398996440616,-4.573053558120555,0.0,0.0,0.0,0.0
4.0,3.0,5.0,0.0,0.0,0.0,0.0,0.0,0.0
4.0,4.0,0.0,5061.339312182985,4960.0272451638475,4960.252781293609,5061.0636632283495,5049.496389852873,5010.725918999708
4.0,4.0,1.0,5104.525821018255,5002.230380429019,5015.902255654629,5072.343201954644,5020.783836886242,4990.652671047427
4.0,4.0,2.0,5086.532186974425,2011.006602510494,4308.855750262329,3367.5961593693437,3506.5472003430127,3115.073440707631
4.0,4.0,3.0,5007.446959301571,327.9341711540665,1269.7943894153598,161.84606916612586,209.20509414265442,2052.420819406873
4.0,4.0,4.0,1848.1118775471182,-4.352001419532514,0.0,26.349933659840016,0.0,494.3441264744445
4.0,4.0,5.0,275.94090254511207,0.0,0.0,0.0,0.0,0.0
4.0,5.0,0.0,5055.398538127272,4961.19210195766,4961.326123143186,5055.317689179741,5053.089735977246,5004.844552745995
4.0,5.0,1.0,5107.849348387839,5025.549059292084,5025.616199515398,5107.769274137568,5027.410451016394,5018.525661518258
4.0,5.0,2.0,5089.170781014848,4386.873423852234,4650.464119013598,4913.262453076609,4311.0056029716625,4893.535584825135
4.0,5.0,3.0,5061.948625316232,294.0556228154969,2096.3388723160283,2463.891750779371,938.0979946327677,2642.3631836702875
4.0,5.0,4.0,331.07280936877356,9.39971307645498,0.0,200.24163868778817,-1.191972955267053,2842.8091894914164
4.0,5.0,5.0,101.553198999828,-8.724691325549756,0.0,0.0,0.0,0.0
4.0,6.0,0.0,5053.817545946149,4959.670901707808,4959.671865427325,5053.817429476353,5060.90819832661,5010.299102238963
4.0,6.0,1.0,5115.45308507868,5032.995911777873,5033.030007565712,5115.451883134877,5035.1278656749255,5023.666219953781
4.0,6.0,2.0,5096.126706617602,2906.4852946705037,3701.295615972724,4766.094648428627,2157.6960452482526,4143.254031077204
4.0,6.0,3.0,881.5257373139294,289.8297618145915,151.34328144072532,4642.530477005272,24.571281593897805,362.0560559478381
4.0,6.0,4.0,231.7556242241198,0.0,-3.342908207794311,0.0,0.0,729.3255811928285
4.0,6.0,5.0,0.0,0.0,0.0,0.0,0.0,0.0
4.0,7.0,0.0,4692.8777716645245,4071.26918571358,3671.8683402670513,5062.6918007080585,4860.364046858838,4171.369225428414
4.0,7.0,1.0,2670.104581490478,3644.8055920071793,2951.8819314698057,5126.42284928783,2986.2844763165535,4236.35614025719
4.0,7.0,2.0,508.0092705637901,330.2145469352497,-4.411290471529073,4968.868327845095,265.7834197261965,962.0448513958852
4.0,7.0,3.0,352.38786553524267,0.0,-4.300953810053454,110.75637091160034,0.0,1765.3559777202413
4.0,7.0,4.0,13.154821271416534,-3.6211559352668177,0.0,0.0,0.0,0.0
4.0,7.0,5.0,0.0,-4.034891288496108,0.0,0.0,0.0,0.0
4.0,8.0,0.0,1068.8906355413178,80.35738713747189,0.0,4772.681066686366,771.9334691937285,1563.4515633350475
4.0,8.0,1.0,1320.4717615870916,78.01960833586075,-4.693309903481469,4304.071234563623,-2.318196250830727,1034.7711534131183
4.0,8.0,2.0,6.688390280723208,-4.48423898154351,-4.630122574291973,0.0,0.0,0.0
4.0,8.0,3.0,5.1223790768880715,0.0,0.0,7.781065406259173,0.0,0.0
4.0,8.0,4.0,0.0,0.0,0.0,0.0,0.0,0.0
4.0,8.0,5.0,0.0,0.0,0.0,0.0,0.0,0.0
4.0,9.0,0.0,0.0,-4.378075226913924,-5.8800527979386725,1179.1108844922119,0.31554496190890186,0.0
4.0,9.0,1.0,49.87609646102002,0.0,0.0,0.0,0.0,0.0
4.0,9.0,2.0,4.95552400336434,0.0,0.0,0.0,0.0,0.0
4.0,9.0,3.0,0.0,0.0,0.0,0.0,0.0,0.0
4.0,9.0,4.0,0.0,0.0,0.0,0.0,0.0,0.0
4.0,9.0,5.0,0.0,0.0,0.0,0.0,0.0,0.0
4.0,10.0,0.0,3.780312961665466,0.0,0.0,0.0,0.0,0.0
4.0,10.0,1.0,0.0,0.0,0.0,0.0,0.0,0.0
4.0,10.0,2.0,0.0,0.0,0.0,0.0,0.0,0.0
4.0,10.0,3.0,0.0,0.0,0.0,0.0,0.0,0.0
4.0,10.0,4.0,0.0,0.0,0.0,0.0,0.0,0.0
4.0,10.0,5.0,0.0,0.0,0.0,0.0,0.0,0.0
5.0,0.0,0.0,4110.420658350568,56.82847890525354,804.2502797802988,231.82918140214207,0.0,305.4440564715718
5.0,0.0,1.0,2309.318506674954,0.0,302.1021937569372,170.28648691313973,-1.4724136371052141,0.0
5.0,0.0,2.0,11.915610135668288,0.0,499.0210519942827,0.0,0.0,0.0
5.0,0.0,3.0,18.341952274099658,0.0,0.0,0.0,0.0,0.0
5.0,0.0,4.0,0.0,0.0,0.0,0.0,0.0,0.0
5.0,0.0,5.0,0.0,0.0,0.0,0.0,0.0,0.0
5.0,1.0,0.0,5097.430412750711,1300.8000097760457,3255.599731066352,1639.50611061949,2213.0059020312833,2082.841525579135
5.0,1.0,1.0,4987.463258081081,24.037615537659704,1348.508133675687,59.14163945571828,941.1911607975832,890.0565376261292
5.0,1.0,2.0,967.4056621124735,-4.618456673819047,4062.073213456484,23.03488747578231,4.604357235374799,475.3304908523982
5.0,1.0,3.0,1128.9500985334898,0.0,8.988570796148101,0.0,-2.641287609897946,0.0
5.0,1.0,4.0,403.7707772851248,0.0,0.027400582948884634,0.0,-8.1752722548096,5.260069751209049
5.0,1.0,5.0,0.0,0.0,0.0,0.0,1.8472701545512364,44.49009705978143
5.0,2.0,0.0,5077.418661608808,4825.858254040114,4953.2882799167755,4899.609522630984,4980.902553847104,4981.402176256243
5.0,2.0,1.0,5092.684913943355,3924.5064619745053,4259.071147925125,3768.659067076431,4382.839037787545,4200.801059088479
5.0,2.0,2.0,5071.111496299131,673.8464986719034,2135.60469230592,928.5128392035278,2004.982829741923,2836.668067026519
5.0,2.0,3.0,4649.627325658761,114.18852605963485,277.67943357619623,128.3414728695226,0.0,686.411522578639
5.0,2.0,4.0,0.0,0.0,0.0,50.706825709618144,0.0,0.0
5.0,2.0,5.0,0.0,0.0,0.0,0.0,0.0,0.0
5.0,3.0,0.0,5062.735573309623,4961.38065382547,4961.656301918373,5062.382024248438,5031.652282346091,5012.108217576132
5.0,3.0,1.0,5087.441544363484,5002.8070952793905,5005.692721102656,5086.959610778008,5006.582622702262,5026.549095035216
5.0,3.0,2.0,5071.733692128883,3761.308000377793,4689.055179748674,4315.195728282042,3958.721559254875,4855.943181954284
5.0,3.0,3.0,2072.9324040484526,424.2013782788779,4968.765352295228,1518.8668055248315,733.6841355396854,2061.3093826832974
5.0,3.0,4.0,0.0,0.0,3212.364762937979,4.779479715809088,0.2690341164697898,482.55961545461935
5.0,3.0,5.0,250.9206028158951,0.0,0.0,0.0,0.0,0.0
5.0,4.0,0.0,5055.243108345892,4954.077284140596,4954.158133088127,5055.142592920287,5033.893014661528,5004.69067726243
5.0,4.0,1.0,5089.266851922785,5007.328925193366,5007.408993164008,5089.167826431936,5008.649329761192,5019.171846004454
5.0,4.0,2.0,5072.5070130051445,4989.133130610893,4988.310738313339,5069.550642007566,4989.431631422205,5070.138901561533
5.0,4.0,3.0,5063.111616820849,4035.237274126188,4701.065021013015,4036.342816704372,4018.6935569608986,4735.09983943089
5.0,4.0,4.0,1979.1964444136706,63.44986170176531,577.4836477980366,311.7973161470321,253.47287724987294,4995.1542883257935
5.0,4.0,5.0,1818.424384442238,3.946646123165963,25.93753375802729,4.7206215183605,153.50295739694175,0.0
5.0,5.0,0.0,5053.25441742982,4952.1678878742405,4952.1678878742405,5053.25441742982,5041.491564589374,5002.7218732555175
5.0,5.0,1.0,5096.519023953939,5014.475340230512,5014.475340230512,5096.519023953939,5016.006693334259,5016.7841423805385
5.0,5.0,2.0,5078.747697731684,4997.068359280994,4997.067818339691,5078.74627581273,4997.8184364587,5077.507358391202
5.0,5.0,3.0,5067.703351704819,4184.4306496184545,4545.032199452793,4765.064504944619,2640.7038240640245,4703.396355765701
5.0,5.0,4.0,4111.538441139982,448.31750320658614,338.51572167266124,1560.8907621514404,8.841819522984,506.2550509867981
5.0,5.0,5.0,9.152292152419738,-4.541261074560021,0.0,502.8164686754986,6.485108576326363,330.4105295147737
5.0,6.0,0.0,5055.317689179741,4961.326123143186,4961.192102007486,5055.398538127272,5053.089735977246,5004.844552745995
5.0,6.0,1.0,5107.769280417179,5025.616324052872,5025.549207172184,5107.849348387839,5027.410500197548,5018.525671672705
5.0,6.0,2.0,5067.5261639269775,4995.484087509015,4927.441136776669,5089.170781014933,4893.609465120193,5073.697512799764
5.0,6.0,3.0,3778.8856502260055,1846.5684018448392,960.0553457303541,5062.234653717117,597.611601440116,3785.611021558657
5.0,6.0,4.0,131.6005940346178,26.781626256198166,0.0,0.0,-11.180302695601863,2467.359791812002
5.0,6.0,5.0,15.76431748412627,0.0,0.0,0.0,0.0,0.0
5.0,7.0,0.0,5060.269472234432,4961.02057991407,4948.7582532849,5060.575088327201,5067.598623826965,5016.737308932613
5.0,7.0,1.0,5105.4439203059055,5008.2103677681735,4799.377417372067,5122.1647731483445,5015.019501278809,5025.311846785205
5.0,7.0,2.0,2714.3215948563225,1445.8629239935158,429.41047422292957,5102.269175682783,1263.9564192349053,4041.441965508911
5.0,7.0,3.0,148.5444884566322,103.99345788126341,0.0,922.6559346842841,-3.652707207911725,3541.2273546848573
5.0,7.0,4.0,86.20405666235716,-3.2507271004449616,0.0,0.0,0.0,0.0
5.0,7.0,5.0,0.0,0.0,0.0,0.0,0.0,0.0
5.0,8.0,0.0,3365.8790929710426,1217.6102949173428,-4.206721169190524,5072.042728993183,965.3395499780847,2694.5434833560457
5.0,8.0,1.0,2102.8051824084687,590.7642480075889,3.873956760714866,5076.614974032963,147.72540572275648,2597.3957390202295
5.0,8.0,2.0,1753.0244995387657,-3.200763079880553,-8.411090084539172,0.0,-1.0130399292051508,500.07411163737237
5.0,8.0,3.0,4.687644085298191,0.0,0.0,0.0,-2.00603582415414,0.0
5.0,8.0,4.0,0.0,0.0,-4.609626886406393,0.0,0.0,0.0
5.0,8.0,5.0,0.0,0.0,0.0,0.0,0.0,0.0
5.0,9.0,0.0,0.0,217.99832880209783,0.0,0.0,9.50538124207876,0.9410327429657972
5.0,9.0,1.0,300.157379100479,-0.1202947161561781,0.0,0.0,0.0,3.0597813847775637
5.0,9.0,2.0,13.308591572769911,0.0,0.0,0.0,-1.3609127946362154,0.0
5.0,9.0,3.0,4.867697522714979,0.0,0.0,0.0,0.0,0.0
5.0,9.0,4.0,4.397246661005703,0.0,0.0,0.0,0.0,0.0
5.0,9.0,5.0,0.0,0.0,0.0,0.0,0.0,0.0
5.0,10.0,0.0,0.0,0.0,0.0,0.0,-1.2576871345357004,0.0
5.0,10.0,1.0,3.3574269708089073,0.0,0.0,0.0,0.0,0.0
5.0,10.0,2.0,0.0,0.0,0.0,0.0,0.0,0.0
5.0,10.0,3.0,0.0,0.0,0.0,0.0,0.0,0.0
5.0,10.0,4.0,0.0,0.0,0.0,0.0,0.0,0.0
5.0,10.0,5.0,0.0,0.0,0.0,0.0,0.0,0.0
6.0,0.0,0.0,5116.032433350444,1397.3246221120662,1725.1919107961378,2278.7128785717355,1328.2824547744485,1361.04020713505
6.0,0.0,1.0,4987.075194254965,624.4448110790873,2614.8321549330467,833.4140771311288,957.6573528275694,1616.6695271140095
6.0,0.0,2.0,2033.8308390489851,-11.294744133862416,4722.853088174924,1610.3244253322205,1336.3385653460487,974.0129219356927
6.0,0.0,3.0,4115.523414570022,-5.797504025357591,0.0,177.23044373676734,0.0,0.0
6.0,0.0,4.0,0.0,0.0,0.0,0.0,-3.1169441084891583,975.7833608606414
6.0,0.0,5.0,4.303437534376363,0.0,0.0,0.5255505872547309,0.5255505872547309,51.64184388529628
6.0,1.0,0.0,5085.573337128852,4905.031759370823,4830.515013645426,4664.6643401373685,4966.029265804386,5007.598829007384
6.0,1.0,1.0,5082.478202143579,3149.791047244286,4493.758977584373,3973.184734657351,4531.608762370658,4134.330672526379
6.0,1.0,2.0,5071.745363686078,1993.3199612591177,3580.839048369322,3206.011562723209,2477.9073429117257,2627.4308410796034
6.0,1.0,3.0,2591.2382064723142,0.0,1672.1935621097032,353.10436941798304,237.7251843394212,4812.811233192458
6.0,1.0,4.0,2278.9905267316894,22.85729943157085,0.0,114.24089944407345,0.0,47.17281410602765
6.0,1.0,5.0,0.0,0.0,0.0,1.9736674614572178,0.0,94.15270446100304
6.0,2.0,0.0,5065.3585091441055,4963.930737431887,4964.284286441519,5064.868877740423,5014.656054594782,5014.704924050891
6.0,2.0,1.0,5071.749790515303,4989.164819108637,4990.442111256289,5071.041085343895,4990.786350713725,5031.069116490557
6.0,2.0,2.0,5059.723803201923,4326.181342335672,4930.130814660453,4995.738082983715,4872.826241648693,4956.70478448607
6.0,2.0,3.0,5057.278931138944,2555.234056342974,3406.6588791688073,3442.628248758964,2725.487523398835,3469.998911174865
6.0,2.0,4.0,4603.665290663206,-8.85426052890278,786.5598409701204,551.0097481056948,-5.088817053429828,1730.7811176557095
6.0,2.0,5.0,325.40133834458595,0.0,0.0,0.0,0.0,0.0
6.0,3.0,0.0,5055.3136697535865,4954.133177322947,4954.233692748554,5055.181170615424,5014.551657536211,5004.760533056047
6.0,3.0,1.0,5070.978341539632,4989.394142680594,4989.493168171442,5070.849201747345,4990.223128690119,5020.477433644068
6.0,3.0,2.0,5057.316887975239,4976.025422376803,4976.120762267917,5057.193836364224,4976.324927484554,5056.788198966711
6.0,3.0,3.0,5052.59039456903,4457.501351367128,4858.552004698962,4850.786160997885,4022.584354518148,4938.656923228102
6.0,3.0,4.0,2371.467496792842,1123.5042616658238,4875.411197136385,1837.2163318688536,143.84633379065068,2069.9727202776885
6.0,3.0,5.0,0.0,0.0,1955.501915841907,0.0,0.0,617.0020319283886
6.0,4.0,0.0,5052.684030748867,4951.6047593579115,4951.6047593579115,5052.684030748867,5021.699765276242,5002.157190441374
6.0,4.0,1.0,5077.5389952784935,4995.870936806472,4995.870936806472,5077.5389952784935,4996.871153294167,5017.221030490837
6.0,4.0,2.0,5062.241255021061,4980.893772340791,4980.893772340791,5062.241255021061,4981.273488629058,5061.511294502383
6.0,4.0,3.0,5055.098865967111,4973.130274020679,4973.7719508729815,5054.406182581631,4972.2514085112425,5054.417838110951
6.0,4.0,4.0,5054.854340190908,2384.3689663802315,4198.521672786992,2256.1860651565844,2207.1691029204508,3468.5885385004804
6.0,4.0,5.0,407.1412781893122,107.88719708352977,42.70521907877516,0.0,381.6875417524466,4589.424009620042
6.0,5.0,0.0,5055.142592920287,4954.158133088127,4954.077284140596,5055.243108345892,5033.893014661528,5004.69067726243
6.0,5.0,1.0,5089.167826431936,5007.408993164008,5007.328925193366,5089.266851922785,5008.649329761192,5019.171846004454
6.0,5.0,2.0,5072.412088634044,4990.994465897696,4990.916613117273,5072.5070130051445,4991.530542988595,5071.506796517376
6.0,5.0,3.0,5050.131954452672,4972.809288943325,4968.922694009841,5063.111617474826,4920.122136251208,5058.815604622107
6.0,5.0,4.0,1293.2113160464173,1729.5107170550455,297.93435430620144,2871.070800801731,206.7765586906855,5057.803169647132
6.0,5.0,5.0,166.9179122623648,-3.1897630350556376,-3.830262260119197,80.69939872134522,16.425074438151015,1693.2051670422877
6.0,6.0,0.0,5061.063664093073,4960.252782627405,4960.02724525001,5061.339312182985,5049.496391371895,5010.725919061151
6.0,6.0,1.0,5104.253662614064,5022.48213727308,5022.258513787333,5104.525821018255,5023.935637567625,5024.710090466388
6.0,6.0,2.0,5059.186943737009,4939.3901233383285,4934.691812468339,5086.5329757451145,4923.883310787721,5045.267376125797
6.0,6.0,3.0,2630.1169727525466,1504.355309949054,1139.445287942071,5074.920976478258,1063.5285557592163,3784.5558333392437
6.0,6.0,4.0,217.45044042093042,0.0,-4.352001419532514,488.00747638509927,-4.9498939721463495,2764.2051059490805
6.0,6.0,5.0,29.873621104751898,0.0,0.0,7.679704162102279,0.0,0.0
6.0,7.0,0.0,5069.10952811998,4973.010677159897,4944.240484999989,5069.867381113683,5066.228884291716,5018.761093867777
6.0,7.0,1.0,4056.829762515474,4676.550815768715,4060.5976073003812,5122.2047990800575,4206.031970698948,4090.3399552719293
6.0,7.0,2.0,2010.0166673901163,3432.618809430344,1775.6910354489535,5100.605172795822,1155.6140320917623,2089.0774835436623
6.0,7.0,3.0,48.6418067329263,122.0873375911644,-11.9946994511156,955.3047313690049,24.02926948850629,3710.7181360220015
6.0,7.0,4.0,0.0,0.0,-4.607019225278464,195.34112701857745,0.0,833.8107579459174
6.0,7.0,5.0,0.0,0.0,0.0,0.0,0.0,0.0
6.0,8.0,0.0,869.6120129119198,1161.083065544283,84.78742900860128,5075.646851722138,1701.3289273806777,2251.1949083383024
6.0,8.0,1.0,618.7393259469941,978.0873204577342,581.1690214819102,5018.396252031485,1053.8190496599586,0.0
6.0,8.0,2.0,555.0530670231324,212.005968424757,-0.4064082131399744,3974.978439955694,-0.6584335985030022,483.64288436751207
6.0,8.0,3.0,24.11193617296157,0.0,0.0,0.0,0.0,5.2930122534377695
6.0,8.0,4.0,4.101426887307001,0.0,0.0,0.0,0.0,0.0
6.0,8.0,5.0,0.0,0.0,0.0,0.0,0.0,0.0
6.0,9.0,0.0,27.286125878172964,-3.5794393629879786,-6.320117637442068,0.0,1059.238762450152,1.8732271504954465
6.0,9.0,1.0,4.781555860456053,0.0,-5.142486489751877,3165.191560597552,0.0,1.8985363223916787
6.0,9.0,2.0,4.046798148610018,0.0,0.0,47.49041054054083,-1.4188627774049056,0.0
6.0,9.0,3.0,7.592821526894959,0.0,0.0,0.0,0.0,0.0
6.0,9.0,4.0,4.269797271668374,0.0,0.0,0.0,0.0,0.0
6.0,9.0,5.0,0.0,0.0,0.0,0.0,0.0,0.0
6.0,10.0,0.0,2.9053853904155598,0.0,0.0,0.0,0.0,0.0
6.0,10.0,1.0,0.0,0.0,0.0,11.643788198497248,-1.7955701001674311,0.0
6.0,10.0,2.0,2.872375572015706,0.0,0.0,0.0,0.0,0.0
6.0,10.0,3.0,0.0,0.0,0.0,0.0,0.0,0.0
6.0,10.0,4.0,0.0,0.0,0.0,0.0,0.0,0.0
6.0,10.0,5.0,0.0,0.0,0.0,0.0,0.0,0.0
7.0,0.0,0.0,5101.679803452,4827.797305083064,4926.815572395836,4981.806357347599,4950.3556402004315,5000.404203580289
7.0,0.0,1.0,5070.807985488956,3800.200190410683,4641.146993037946,4843.423932328747,4517.317553633967,5018.895703180648
7.0,0.0,2.0,5055.878822092032,3394.2203904014464,3427.7270621566286,3996.254938404776,3308.9253625434185,4000.7634433880685
7.0,0.0,3.0,5033.503581919338,1359.3622293115652,1882.2572081816654,440.5642929637721,204.34567859144664,2472.2628429042834
7.0,0.0,4.0,1182.6309580709558,21.61683248953806,0.0,13.66539073022035,-10.490563054924493,45.31179386734562
7.0,0.0,5.0,5.299945386413438,-7.650980728060359,68.70739155910599,0.0,0.0,0.0
7.0,1.0,0.0,5070.807985489142,4969.244172154398,4969.733803603291,5070.032107136884,5000.1034106936995,5020.099905555187
7.0,1.0,1.0,5059.610759740168,4978.1760182238495,4978.65996214412,5038.999860497838,4978.649328423426,5038.993583631351
7.0,1.0,2.0,5053.736714069417,4959.002172971059,4964.998708174993,5011.685329177296,4948.734509085688,5050.086289293363
7.0,1.0,3.0,5058.835169964928,2213.8689925366352,3712.6201321392236,3679.4321340089764,2507.3835677016664,3572.5224710758325
7.0,1.0,4.0,4597.915091251548,176.85204613551272,1318.421476725324,0.0,136.2608639620747,2045.951601623684
7.0,1.0,5.0,165.5347716361348,1.2269852143421085,0.0,0.0,31.137090544756955,1373.5957882524892
7.0,2.0,0.0,5055.885064311529,4954.672628576964,4954.805127715128,5055.692315647537,4995.3412570260225,5005.32621366841
7.0,2.0,1.0,5053.736714069417,4972.481849023561,4972.610988815848,5053.55391063734,4972.905768399249,5023.184303571106
7.0,2.0,2.0,5045.382525230174,4964.331461690494,4964.451875131801,5045.222277574232,4964.4518763525575,5045.222278459971
7.0,2.0,3.0,5047.68235531541,4960.035441764466,4965.858288688242,5041.07026181106,4957.535133476447,5044.680471970476
7.0,2.0,4.0,3876.6699238115134,2677.4938599509137,3160.1619713662835,1537.6256976425757,1334.585700123076,5057.299121653728
7.0,2.0,5.0,3567.384907511649,0.0,758.1586753546471,18.821700112125665,328.4388076403814,928.4159330433465
7.0,3.0,0.0,5052.108595327782,4951.034372676959,4951.034372676959,5052.108595327782,5001.535280572523,5001.5875093745
7.0,3.0,1.0,5058.835811286686,4977.537669758414,4977.537669758414,5058.835811286686,4978.065409204059,5018.299681975792
7.0,3.0,2.0,5047.68235531541,4966.632362882496,4966.632362882496,5047.68235531541,4966.741489095866,5047.387575732009
7.0,3.0,3.0,5046.404266638143,4965.414319342684,4965.414318705935,5046.404254993118,4965.414317811458,5046.404266375669
7.0,3.0,4.0,5021.710343267046,4100.683950311671,4886.002073557318,4975.716815846599,3695.6433607103654,5052.5903945690425
7.0,3.0,5.0,1333.571798056464,279.0264426516775,487.79420918417605,398.9739023040611,970.661287397128,4634.29408737009
7.0,4.0,0.0,5055.181170615424,4954.233692748554,4954.133177322947,5055.3136697535865,5014.551657536211,5004.760533056047
7.0,4.0,1.0,5070.849201747345,4989.493168171442,4989.394142680594,5070.978341539632,4990.223128690119,5020.477433644068
7.0,4.0,2.0,5057.196473496375,4976.121306545268,4976.02638217417,5057.316887975239,4976.326941363157,5056.789148529595
7.0,4.0,3.0,5052.4797666847135,4971.49876622277,4971.3878828463385,5052.5903945690425,4971.506226010635,5052.479958752667
7.0,4.0,4.0,4459.3100154962485,4512.232984917211,3703.834115062694,5055.09886595976,3794.357302236321,4816.997203588509
7.0,4.0,5.0,424.36105786408797,672.1417988434655,23.187293172783296,641.5747072363713,998.0277458324952,4765.164008510055
7.0,5.0,0.0,5062.382024252907,4961.656301918665,4961.380653828755,5062.735573309623,5031.652282346147,5012.108217576522
7.0,5.0,1.0,5087.095338707353,5005.773485891461,5005.5013276075715,5087.441544363484,5006.678778008058,5027.02306415022
7.0,5.0,2.0,5070.846797715953,4990.281504981418,4990.105080701526,5071.733692130854,4990.418074773915,5070.873771452193
7.0,5.0,3.0,4291.708682841066,4570.143789147708,4367.12416738909,5064.008204954627,3225.155648643722,4448.0790032710165
7.0,5.0,4.0,713.5068541688879,1196.3894288093193,21.451432277467866,4958.80967761028,211.91816094868233,957.569034649632
7.0,5.0,5.0,0.0,16.956803875083967,-4.3834178124189025,1502.4332434631442,31.735903585629572,667.2398849611593
7.0,6.0,0.0,5072.1213477490755,4971.691064347987,4971.184536745807,5072.756374776207,5051.2346363217885,5022.02881102443
7.0,6.0,1.0,5103.307506815178,5022.111125795869,4973.295011787754,5106.580131227061,5014.3431584597565,5030.954057457658
7.0,6.0,2.0,4607.713569431622,4398.794872183857,3301.732481024846,5089.258944783076,4057.8934904596463,4466.150954774414
7.0,6.0,3.0,888.7346036256595,1646.9268621789342,110.18507202593446,2611.6782323685147,314.0121654706957,5058.732386309891
7.0,6.0,4.0,0.0,0.0,-6.175321296059734,1908.5322845749206,-4.920383401694586,0.0
7.0,6.0,5.0,22.531720570999838,0.0,-5.294527158726342,179.7712047028336,0.0,33.059005481357104
7.0,7.0,0.0,3476.34038628367,4625.634288562393,3308.8005518863274,5084.4273387326375,4863.553582990853,4874.7087690817225
7.0,7.0,1.0,2628.031051008297,2065.5818001653633,1267.0681636019594,5124.9610024715375,2856.481418705868,3886.1694257853887
7.0,7.0,2.0,181.55209828805727,1303.8060084488322,133.8237244651132,4924.454440282214,52.19080948434371,1531.343784725369
7.0,7.0,3.0,12.195079995763763,985.1912580893993,-7.581351418921259,489.745325407215,0.0,0.0
7.0,7.0,4.0,4.009595404766268,0.0,0.0,100.24294025356937,-6.480435217096822,22.635614806181685
7.0,7.0,5.0,10.147206963503022,0.0,0.0,0.0,0.0,0.0
7.0,8.0,0.0,677.1216960218226,488.0839400121696,-11.77380140295226,4464.344052551058,35.81592492341934,882.1129164403347
7.0,8.0,1.0,211.19934320830657,219.2549865894841,-5.2337562862431355,3236.7155756775555,124.78254797294096,718.3027210231337
7.0,8.0,2.0,0.0,0.0,0.0,2253.0348426110913,0.0,417.3208314786083
7.0,8.0,3.0,51.40769179341774,0.0,0.0,0.0,-1.8341708479236845,0.0
7.0,8.0,4.0,7.5247178827626495,0.0,0.0,0.0,0.0,0.0
7.0,8.0,5.0,0.0,0.0,0.0,0.0,0.0,0.0
7.0,9.0,0.0,32.794563196769865,75.00277355549119,-6.23048228778361,0.0,0.8246197210481192,0.9292826642503569
7.0,9.0,1.0,3.8257179819068527,0.0,-5.737047027652688,0.0,0.0,14.053436301817158
7.0,9.0,2.0,0.0,0.0,0.0,0.0,0.0,3.2958210067011464
7.0,9.0,3.0,3.4694390697544195,0.0,0.0,0.0,-1.996221856260505,0.0
7.0,9.0,4.0,3.4188627774049056,0.0,0.0,0.0,-3.4720715589451885,0.0
7.0,9.0,5.0,2.360912794636215,0.0,0.0,0.0,0.0,0.0
7.0,10.0,0.0,5.703276415577415,0.0,0.0,0.0,0.0,0.0
7.0,10.0,1.0,0.0,0.0,0.0,15.252235241782335,0.0,0.0
7.0,10.0,2.0,2.373175849670261,0.0,0.0,0.0,0.0,0.0
7.0,10.0,3.0,0.0,0.0,0.0,0.0,0.0,0.0
7.0,10.0,4.0,0.0,0.0,0.0,0.0,0.0,0.0
7.0,10.0,5.0,0.0,0.0,0.0,0.0,0.0,0.0
8.0,0.0,0.0,5084.792703568728,4982.927974385448,4983.703855270466,5033.9447764857705,4983.703855992871,5033.944775838805
8.0,0.0,1.0,5057.912370668795,4956.625101631649,4977.224735758957,5007.333225709637,4956.817911455952,5057.574132775557
8.0,0.0,2.0,5051.533119089896,4949.673642671677,4980.892007618444,5000.910162429746,4950.100679239627,5051.32261861799
8.0,0.0,3.0,4680.615820566467,4331.767740330666,4672.5747347737415,4482.513750035299,4225.130072140302,5055.885063962973
8.0,0.0,4.0,1947.3943548676175,-4.047624656276371,2491.7794778589837,1311.0220308007406,-4.545183295220524,4953.511292873791
8.0,0.0,5.0,170.15827424949399,-3.5737549260190735,0.0,0.0,0.0,0.0
8.0,1.0,0.0,5057.912370668795,4956.625167107208,4956.8179157712,5057.574166711136,4977.224779791721,5007.333246962104
8.0,1.0,1.0,5039.946155966225,4958.950586809153,4959.133390241228,5029.65516157694,4959.133390241228,5029.65516157694
8.0,1.0,2.0,5041.330416532584,4960.379745226557,4960.539991949392,5020.923552512064,4960.379745226557,5041.330416532584
8.0,1.0,3.0,5052.659996887206,4967.13817943041,4972.263902744933,5022.230912657803,4964.801222081087,5053.736714069417
8.0,1.0,4.0,3525.9093107246845,1264.1570312617894,3714.6873074402865,2516.889991359009,1941.987646048285,5071.701243909792
8.0,1.0,5.0,357.7830285723272,0.0,0.0,1.5315135771334525,371.373947808098,3885.3841261696944
8.0,2.0,0.0,5051.533119089896,4950.458937255873,4950.458937255873,5051.533119089896,4981.011347754184,5001.0177878989925
8.0,2.0,1.0,5041.330416532584,4960.379745226557,4960.379745226557,5041.330416532584,4960.539991949392,5020.923552512064
8.0,2.0,2.0,5037.712041785824,4956.881096115656,4956.881096115656,5037.712041785824,4956.881096115656,5037.712041785824
8.0,2.0,3.0,5045.222278507337,4964.45187642471,4964.45187642471,5045.222278507337,4964.33146194584,5045.382525230174
8.0,2.0,4.0,4841.361437839223,4791.5444513458115,4735.520479972827,4746.733354472309,4364.366270089212,5059.723803201923
8.0,2.0,5.0,664.7561456657457,924.7943212276768,1562.5183288479475,201.4965201826639,1779.6076147776866,4979.817169984264
8.0,3.0,0.0,5055.692315647537,4954.805127715128,4954.672628576964,5055.885064311529,4995.3412570260225,5005.32621366841
8.0,3.0,1.0,5053.55391063734,4972.610988815848,4972.481849023561,5053.736714069417,4972.905768399249,5023.184303571106
8.0,3.0,2.0,5045.222278507337,4964.45187642471,4964.331461945845,5045.382525230174,4964.45187642471,5045.222278507337
8.0,3.0,3.0,5047.387575731999,4966.741489095854,4966.632362882242,5047.68235531541,4966.632362880414,5047.68235531541
8.0,3.0,4.0,4895.439889586783,4745.342621578548,4873.467551630196,4983.3123709421425,3131.877023569588,5057.316887975239
8.0,3.0,5.0,0.0,1433.7942399562437,325.1454446004775,1528.7176592044668,567.5359957603889,4763.355927199493
8.0,4.0,0.0,5064.868877751938,4964.284286493283,4963.930737436567,5065.3585091441055,5014.6560545965585,5014.704924052659
8.0,4.0,1.0,5071.279572199981,4990.451648987033,4990.105443330902,5071.749790515303,4990.858973953811,5031.081162066246
8.0,4.0,2.0,5059.2998271243,4978.673756302253,4978.3470857673165,5059.723803201923,4978.673696044843,5059.299860857789
8.0,4.0,3.0,4966.6860016032415,4955.552976327638,4874.51075928721,5057.316887975239,4906.543628216834,5048.106770030917
8.0,4.0,4.0,1457.5806128305278,3560.0281731198734,1314.394945446462,5061.846421659062,527.1610012151104,4123.806361046612
8.0,4.0,5.0,39.11594598047064,410.1037406455376,-8.65629704099615,2485.695794519505,0.46209114029210374,507.1845045777352
8.0,5.0,0.0,5076.571995047891,4976.370668316006,4975.735672816978,5077.418661608808,5036.4429428687,5026.644474990197
8.0,5.0,1.0,5091.627785865834,5010.648032990246,5010.553252515232,5092.684927924043,5011.546125101106,5041.847926547633
8.0,5.0,2.0,4645.776251138486,4761.419688382049,4585.26856023408,5077.9463202452425,4658.2771683194715,4950.00903376158
8.0,5.0,3.0,1931.5089803653261,1959.1421770626546,1631.9279874555664,5071.520663798258,1326.1904615753651,3096.210927663556
8.0,5.0,4.0,92.11422832216812,199.05769005022862,15.304681091795828,4013.1722196469436,34.682646096684635,960.4058049077811
8.0,5.0,5.0,2.6989533510790054,59.59958612613829,0.0,0.0,14.436644971174132,589.5642602768642
8.0,6.0,0.0,4566.387036513975,4667.478685778165,4018.628999081878,5090.880214490646,4939.135634222311,4744.367230900198
8.0,6.0,1.0,4060.2021026340913,4243.881991219427,3129.9865843037633,5115.214793577788,4505.119467311109,3468.3175349382027
8.0,6.0,2.0,742.8144125722849,2053.1258650311934,592.1568186990825,5093.271744989457,1307.779183820329,2081.0986830011216
8.0,6.0,3.0,489.45837314041154,3944.848958406138,77.26462880374122,1342.4641702462259,119.82462140042315,503.63537055955476
8.0,6.0,4.0,14.908778155738029,0.01586922653095506,-4.753378610916615,1095.0716935956218,-1.8332642694324393,5.112832579100209
8.0,6.0,5.0,0.0,0.0,0.0,19.557700997231212,0.5600108356493502,58.11335607883235
8.0,7.0,0.0,1071.697849333517,2047.7151876621945,474.9164916035289,5043.685943877375,836.03181720202,856.8405628494938
8.0,7.0,1.0,153.58040231110144,838.9358959696442,109.87261169776482,4758.60852408808,237.02532264859167,1227.7586419536378
8.0,7.0,2.0,0.0,0.0,0.0,2531.785024132717,108.940768906137,0.0
8.0,7.0,3.0,29.088010142734692,72.9675887929486,0.0,1393.4965211651063,0.0,0.0
8.0,7.0,4.0,12.012394781886758,0.0,-5.98895936728799,0.0,0.0,5.645289306774789
8.0,7.0,5.0,6.2742299264765915,-2.0973798676988396,-5.139149128421544,0.0,0.0,0.0
8.0,8.0,0.0,4.173621635331466,0.0,0.0,3250.9175617145333,41.50666974473816,0.0
8.0,8.0,1.0,0.0,248.91107063776437,-10.039981785875806,1513.227764442429,0.0,1.3487922951928013
8.0,8.0,2.0,3.0314797404185114,0.0,0.0,0.0,-0.287334460293803,0.0
8.0,8.0,3.0,2.996730012989028,-0.4474104437888352,0.0,269.13614412935686,0.0,0.0
8.0,8.0,4.0,0.0,0.0,0.0,26.94731990065364,-3.762618747559209,7.7468458212850315
8.0,8.0,5.0,0.0,0.0,0.0,0.0,0.0,12.414930166406311
8.0,9.0,0.0,42.077387538574094,-2.0699484413805838,-17.48141387412625,0.0,0.0,0.0
8.0,9.0,1.0,5.733475929925627,0.0,0.0,0.0,-0.9258562502383105,4.510549194570499
8.0,9.0,2.0,2.925856250238311,0.0,0.0,0.0,0.0,0.0
8.0,9.0,3.0,3.5653092238171826,0.0,0.0,0.0,0.0,0.0
8.0,9.0,4.0,2.8682234154446355,0.0,0.0,0.0,0.0,0.0
8.0,9.0,5.0,1.8314298455094793,0.0,0.0,0.0,0.0,0.0
8.0,10.0,0.0,8.181757175063169,0.0,0.0,0.0,-2.436539932054191,0.9753121470283083
8.0,10.0,1.0,2.249096657501609,-2.3922091330043744,0.0,8.187150276753277,0.0,0.0
8.0,10.0,2.0,2.000712431104516,0.0,0.0,0.0,0.0,0.0
8.0,10.0,3.0,0.0,0.0,0.0,0.0,0.0,0.0
8.0,10.0,4.0,0.0,0.0,0.0,0.0,0.0,0.0
8.0,10.0,5.0,0.0,0.0,0.0,0.0,0.0,0.0
9.0,0.0,0.0,5067.735026918959,4966.209749614074,4966.547953571733,5017.057676649765,4966.547953571733,5017.057676649765
9.0,0.0,1.0,5050.972307802711,4949.883461017987,4960.17445540727,5000.462584724679,4949.883461017987,5050.972307802711
9.0,0.0,2.0,5057.574166711136,4956.8179157712,4977.224779791721,5007.333246962104,4956.625167107208,5057.912370668795
9.0,0.0,3.0,5037.328371752108,4947.744470129134,4967.773339586052,4962.563231761753,4846.940635344007,5070.807985489142
9.0,0.0,4.0,2594.596912912575,2003.2775572808134,2592.6277087816984,1810.8288239337514,169.66089776282092,5071.867079432907
9.0,0.0,5.0,280.64936833379903,4.752088908703326,221.20047691644842,0.0,107.24487990662804,1411.9364970046176
9.0,1.0,0.0,5050.972307802711,4949.883461017987,4949.883461017987,5050.972307802711,4960.17445540727,5000.462584724679
9.0,1.0,1.0,5028.8129317405,4948.125340863426,4948.125340863426,5028.8129317405,4948.125340863426,5028.8129317405
9.0,1.0,2.0,5029.65516157694,4959.133390241228,4959.133390241228,5029.65516157694,4958.950586809153,5039.946155966225
9.0,1.0,3.0,5039.011126705568,4978.660039645602,4978.660083583453,5039.010019408955,4978.189609393699,5059.610759740168
9.0,1.0,4.0,4085.0598496804423,3841.8435837879974,3541.941976013562,3570.482195845607,2165.805685621291,5082.47818301066
9.0,1.0,5.0,683.5385844993789,302.4896584560367,116.93525397450999,0.0,598.6739467060208,3999.152530655026
9.0,2.0,0.0,5057.574166711136,4956.8179157712,4956.625167107208,5057.912370668795,4977.224779791721,5007.333246962104
9.0,2.0,1.0,5029.65516157694,4959.133390241228,4958.950586809153,5039.946155966225,4959.133390241228,5029.65516157694
9.0,2.0,2.0,5020.923552512064,4960.539991949392,4960.379745226557,5041.330416532584,4960.379745226557,5041.330416532584
9.0,2.0,3.0,5023.184302563054,4972.905760040052,4972.610974505184,5053.553905401718,4972.4818216589465,5053.736714069417
9.0,2.0,4.0,3314.5579367670684,4062.1591553071285,4403.783898530989,4229.065544837253,1639.4194425574774,5071.749789272595
9.0,2.0,5.0,273.3751590659711,154.35200528497992,41.183852257098664,322.51504311676797,154.30085643189943,3415.4718733342834
9.0,3.0,0.0,5070.032107203651,4969.733803655121,4969.244172262954,5070.807985489142,5000.1034107213545,5020.099905634246
9.0,3.0,1.0,5039.011147055655,4978.660088434141,4978.1898701188165,5059.610759740168,4978.660088434141,5039.011147055655
9.0,3.0,2.0,5023.184303570889,4972.905768398746,4972.481849023524,5053.736714069417,4972.61098878937,5053.553910636923
9.0,3.0,3.0,5008.781530176445,4970.8085387339725,4974.457120311773,5058.835811286686,4953.630898291344,5055.983028177622
9.0,3.0,4.0,2939.8012612581983,3716.572939651793,2687.6266052183087,2877.8662061184214,1461.0260242135128,5070.911430000126
9.0,3.0,5.0,2.4884419722508566,804.1868131206686,1.7604646403019273,0.0,11.6148071861338,3450.5995533704604
9.0,4.0,0.0,5084.321558372304,4984.553650057229,4983.70698350679,5085.573337128852,5024.752060186243,5034.717603756916
9.0,4.0,1.0,5051.616562243752,5001.399883938486,5000.560683892727,5082.478202394015,5001.396777885868,5051.608840356082
9.0,4.0,2.0,5015.779859428549,4959.103708192196,4948.705846952342,5071.749790515303,4981.897521303083,5065.300437218606
9.0,4.0,3.0,2425.9779865918736,3580.1264719466926,2872.6838001378965,4420.897509916077,4029.2424119664925,5070.848853363282
9.0,4.0,4.0,576.377819022706,1707.6983288273018,11.57305233919174,2072.52269891481,9.330009789337273,4806.380595097686
9.0,4.0,5.0,14.621892453521596,73.51372674154688,-3.8316242597002836,566.8781321255708,0.5352053103822755,0.0
9.0,5.0,0.0,5062.5857635502125,4951.501038533943,4714.433429295625,5101.062024902723,4846.901225516673,4975.052809453955
9.0,5.0,1.0,3947.5823042605443,4664.7481941792275,3597.6966698696333,5106.704450068391,4270.930136584145,3759.1474825931946
9.0,5.0,2.0,1314.4151374367734,1520.310960316036,1280.3128129258644,5090.908456926387,2269.1295538181257,2882.4157281538146
9.0,5.0,3.0,540.5211190990519,4843.157434695333,413.85621142770424,578.1652759795263,0.0,1133.9287259816256
9.0,5.0,4.0,2.4709393097169015,258.8164714222601,0.467549198321227,1163.6525462198765,-10.771485429261269,0.0
9.0,5.0,5.0,0.0,0.0,-9.757000316686668,9.927876720589424,0.0,34.497945766540674
9.0,6.0,0.0,1560.2254939527734,2616.846328682507,856.9932807854766,5112.20565025642,1903.1576767241281,2478.494031228016
9.0,6.0,1.0,807.1603233634402,936.4843323402949,32.64911969859999,5091.3303929067415,675.6590043610175,1949.6188245703474
9.0,6.0,2.0,37.19006968141044,911.3374317631674,0.0,625.9882886083307,213.67911137796412,3594.4217875170207
9.0,6.0,3.0,3.7883588409127698,233.4279297407437,7.242842066107572,2222.9018130317318,-0.5953817467643892,87.93322581999972
9.0,6.0,4.0,0.0,0.0,0.0,133.439474785433,-3.8014371740706654,0.0
9.0,6.0,5.0,12.572001397468924,0.0,0.0,0.0,0.0,0.0
9.0,7.0,0.0,206.80477634156998,3082.4473245163417,34.51810939533159,492.87408612172317,51.23350349449587,481.23719840278517
9.0,7.0,1.0,64.73628683244212,396.0871605768491,-3.4087802745192786,979.6547868646403,-1.1953527420104693,306.5685120396199
9.0,7.0,2.0,1.3946730355788466,0.0,0.0,0.0,0.0,0.0
9.0,7.0,3.0,9.809481612932423,130.39438231937183,-4.310601673857979,0.0,-1.3137935973895318,0.0
9.0,7.0,4.0,12.558096916118535,-0.4482525294207267,-5.0573649449720595,0.0,0.0,5.260749152472407
9.0,7.0,5.0,4.113688189584743,-1.5637521591661228,-5.772257725096196,0.0,0.4072551307688896,6.062342831365643
9.0,8.0,0.0,10.867662552230211,596.0204340897197,0.0,0.0,0.0,16.6793895690635
9.0,8.0,1.0,0.0,0.0,0.0,98.42386839813938,0.0,0.0
9.0,8.0,2.0,2.9874072987320592,-1.9598115067951722,0.0,0.0,0.0,7.3563696329577315
9.0,8.0,3.0,0.0,0.0,0.0,0.0,0.0,13.165108368219038
9.0,8.0,4.0,0.0,0.0,0.0,0.0,-3.624662675731239,0.0
9.0,8.0,5.0,7.2563786139000515,0.0,0.0,0.0,0.0,0.0
9.0,9.0,0.0,111.65336643756237,-1.947774699178494,-5.374837021372768,7.809722549025825,0.0,2.545477444788747
9.0,9.0,1.0,2.7521176989247107,0.0,0.0,0.0,0.0,0.0
9.0,9.0,2.0,2.7587718310437808,0.0,-6.619536159690641,0.0,-1.954329379528249,0.0
9.0,9.0,3.0,0.0,0.0,0.0,0.0,0.0,12.401782646022262
9.0,9.0,4.0,0.0,0.0,0.0,0.0,0.0,4.428964854470981
9.0,9.0,5.0,1.2797289187994936,0.0,0.0,0.0,0.0,0.0
9.0,10.0,0.0,19.866637772891252,-1.2524312321921647,0.0,0.0,0.0,0.0
9.0,10.0,1.0,4.018370046015573,-1.6286174538534077,0.12736690419058028,0.0,0.0,0.0
9.0,10.0,2.0,3.6784045283629854,0.0,0.0,0.0,0.0,0.0
9.0,10.0,3.0,0.0,0.0,0.0,0.0,0.0,0.0
9.0,10.0,4.0,0.0,0.0,0.0,0.0,0.0,0.0
9.0,10.0,5.0,1.2576871345357004,0.0,0.0,0.0,0.0,0.0
10.0,0.0,0.0,0.0,0.0,0.0,0.0,0.0,0.0
10.0,0.0,1.0,5017.057676649765,4966.547953571733,4966.547953571733,5017.057676649765,4966.209749614074,5067.735026918959
10.0,0.0,2.0,5033.944776533037,4983.7038567840045,4983.7038567840045,5033.944776533037,4982.927978498512,5084.792703568728
10.0,0.0,3.0,5048.116962349348,4993.085957393771,4998.145809988461,5048.3320130901575,4942.909831372339,5101.679803452
10.0,0.0,4.0,1983.5513148169107,1836.6213256435778,2958.332276601307,1763.8207052305943,1244.9113264948369,5113.054814659742
10.0,0.0,5.0,31.83007934261728,1.87512269617765,0.0,0.0,0.0,3396.9824408608006
10.0,1.0,0.0,5017.057676649765,4966.547953571733,4966.209749614074,5067.735026918959,4966.547953571733,5017.057676649765
10.0,1.0,1.0,5000.462584724679,4960.17445540727,4949.883461017987,5050.972307802711,4949.883461017987,5050.972307802711
10.0,1.0,2.0,5007.333246962104,4977.224779791721,4956.8179157712,5057.574166711136,4956.625167107208,5057.912370668795
10.0,1.0,3.0,5019.923350308953,4999.955821110471,4969.364179333951,5069.6554153382585,4968.640241848049,5070.807985489142
10.0,1.0,4.0,4186.514135200405,2788.6747549540864,2819.772528898073,2925.9947748612954,1247.4648619362058,5085.5501341674035
10.0,1.0,5.0,898.9923989126568,605.765390312392,40.642602878190644,33.40176940141942,313.7518633557204,4073.9769147603647
10.0,2.0,0.0,5033.944776533037,4983.7038567840045,4982.927978498512,5084.792703568728,4983.7038567840045,5033.944776533037
10.0,2.0,1.0,5007.333246962104,4977.224779791721,4956.625167107208,5057.912370668795,4956.8179157712,5057.574166711136
10.0,2.0,2.0,5001.0177878989925,4981.011347754184,4950.458937255873,5051.533119089896,4950.458937255873,5051.533119089896
10.0,2.0,3.0,4998.978800268998,4984.258936420516,4947.272979596501,5036.697561272845,4866.005482480718,5055.885064311529
10.0,2.0,4.0,1634.577481085214,3573.2340891800472,694.3743488878195,2432.189047374546,197.57755103678147,5056.785360604666
10.0,2.0,5.0,0.0,0.0,0.0,1807.792478553976,0.0,910.839369795968
10.0,3.0,0.0,5050.663005417347,5000.730803846896,4999.479025093909,5101.679803452,5000.730803831429,5050.663005417015
10.0,3.0,1.0,5020.09464857762,5000.103195912773,4969.2436906209605,5070.807985489142,4969.733601018152,5070.031594526849
10.0,3.0,2.0,5003.098713650618,4986.364577335563,4927.780013203923,5055.885064311529,4937.050624961101,5046.603872177973
10.0,3.0,3.0,4058.408525977339,4393.07310103807,2705.168203538947,5052.106556290813,3407.4640179985636,3466.7026682463174
10.0,3.0,4.0,1205.4660331351752,4804.030105103018,119.22150545219712,1549.8416025065703,591.0328197093567,2047.4067826596531
10.0,3.0,5.0,0.3538017376758883,0.0,0.0,252.1031767240367,128.6842420237503,1924.627189308172
10.0,4.0,0.0,5014.332438040808,5005.241514369715,4882.279849169474,5118.398032336438,4999.695116298423,5037.200444316614
10.0,4.0,1.0,4871.92298897657,4884.9945368028675,4345.3952686936045,5085.573337128724,4638.836081665026,4927.153451833862
10.0,4.0,2.0,3456.52675532634,4261.260706538302,1860.9772882808263,5065.332335273736,2543.731876570759,3774.366802381841
10.0,4.0,3.0,974.6451505472877,4710.7832074803,148.3504079795784,1369.0580044306266,332.0065585226092,1221.7679758268764
10.0,4.0,4.0,30.80289178911182,148.68126141371138,0.0,2428.065099252248,4.471285549611733,226.66215730094046
10.0,4.0,5.0,14.557609951470205,-1.3047533036564405,-4.856374016739029,8.53033305299098,0.0,247.21120278419383
10.0,5.0,0.0,1928.3220816662295,3454.5029587615895,1429.2013509773708,5134.434745592609,1424.4883631430746,3213.751332352608
10.0,5.0,1.0,1737.210871655356,2025.2073982855704,1033.3343627886206,5055.6007771962095,782.250860342647,2686.648957821245
10.0,5.0,2.0,0.0,499.4955369538835,29.312877221015004,4128.37787637321,240.03862962676513,480.67028624398364
10.0,5.0,3.0,20.808977207188825,2490.2700793944946,0.0,209.57938229320158,-3.2806150988619494,518.682068315011
10.0,5.0,4.0,0.0,87.04225167066164,0.0,0.0,-10.646288810715799,5.025056435551912
10.0,5.0,5.0,0.0,-1.4062269125020945,0.0,0.0,0.48078102765716385,17.723892679079935
10.0,6.0,0.0,419.21952096690734,4534.760224436831,386.12809370631146,1476.5079597291042,656.3408773278077,374.66572843215476
10.0,6.0,1.0,195.14940891947424,1101.5682229432148,0.0,3588.1343502558575,67.16525306991092,1.4778296751120514
10.0,6.0,2.0,7.67190131194369,257.52792663922776,-3.198730199163523,52.07277405794946,0.0,544.1099807317903
10.0,6.0,3.0,10.688892629057605,0.0,-11.855720264452398,231.6208899010023,-4.689789170978859,51.409820106844236
10.0,6.0,4.0,5.86634828681152,0.0,-5.290387671444471,11.059522849781864,-3.034824029593754,53.939516604790924
10.0,6.0,5.0,1.8580651828735353,-1.3195518070626617,-9.000246920224807,5.267666487175454,0.0,33.99155065828841
10.0,7.0,0.0,413.8761958466856,185.8627750915191,125.23762335183591,3107.182367025253,2.4772258700997063,36.85342993368565
10.0,7.0,1.0,63.33005991994002,2.3842017019706043,4.1993821985330895,639.697574948889,-2.2069066189337176,151.80290725191887
10.0,7.0,2.0,0.0,0.0,0.0,0.0,0.0,80.53471897559814
10.0,7.0,3.0,0.0,0.0,-6.359144457701321,20.55297745154577,-8.476206920203907,0.0
10.0,7.0,4.0,1.8487519552617506,0.3023097282331158,0.0,31.269052206104522,-8.727642807325278,0.0
10.0,7.0,5.0,1.5782328875053007,-2.403344736339514,-9.931703375495841,31.91967564780011,1.5782328875053007,4.118084364726364
10.0,8.0,0.0,17.25521465600473,0.0,-13.431409464202886,1670.2365666773562,-1.0498994761106895,80.73847433240617
10.0,8.0,1.0,0.0,-0.3566945655703535,-0.7461619923385094,110.32341292022963,-1.0371344843090051,1.3594431813538468
10.0,8.0,2.0,0.0,0.0,0.0,0.0,0.0,15.809324329823582
10.0,8.0,3.0,0.0,0.38787982769014956,0.0,0.0,0.0,0.0
10.0,8.0,4.0,0.0,0.0,0.0,0.0,-3.448432401723789,3.3139466272104894
10.0,8.0,5.0,1.7127475960883765,-0.8389064323713463,0.0,23.966580984625885,0.0,3.8273389586279567
10.0,9.0,0.0,1.2740958563456868,-2.5075524470439783,-19.240731093826582,695.1238902963321,6.470991587997987,1.2740958563456868
10.0,9.0,1.0,6.105252976138428,0.0,-11.986359187534173,0.0,0.0,140.57922521865305
10.0,9.0,2.0,0.0,0.0,0.0,0.0,0.0,8.424189707182352
10.0,9.0,3.0,0.0,0.0,0.0,0.0,0.0,0.0
10.0,9.0,4.0,0.0,0.0,-6.320117637442068,6.22262987378771,0.0,0.0
10.0,9.0,5.0,0.0,0.0,-5.468113438312275,0.0,0.0,6.800934789677159
10.0,10.0,0.0,0.6705767664977287,-1.9204284743697029,0.0,167.28895569399242,-1.3116050359872515,0.0
10.0,10.0,1.0,0.0,-2.3170484287599504,1.573954713065042,0.0,-4.209265118707991,31.327461995869225
10.0,10.0,2.0,0.0,0.0,0.0,0.0,0.0,12.367152805238852
10.0,10.0,3.0,0.0,0.0,0.0,0.0,0.0,0.0
10.0,10.0,4.0,0.0,0.0,0.0,0.0,-3.3671968903726808,0.0
10.0,10.0,5.0,0.6397617265144955,-1.2576871345357004,0.0,12.278255357348902,0.0,0.0
