0.0,0.0,0.0,0.0,0.0,0.0
0.0,0.0,0.0,0.0,0.0,0.0
0.0,0.0,0.0,0.0,0.0,0.0
0.0,0.0,0.0,0.0,0.0,0.0
0.0,0.0,0.0,0.0,0.0,0.0
0.0,0.0,0.0,0.0,0.0,0.0
0.0,0.0,0.0,0.0,0.0,0.0
-6.708203932499369,0.0,0.0,0.0,0.0,0.0
-7.0710678118654755,0.0,0.0,-6.0,-11.712386605641056,0.0
-7.54983443527075,-12.745587471748802,-7.0710678118654755,0.0,0.0,0.0
-8.12403840463596,-7.0710678118654755,0.0,0.0,0.0,0.0
-8.12403840463596,-7.54983443527075,0.0,0.0,0.0,0.0
0.0,0.0,0.0,0.0,0.0,0.0
-6.164414002968977,0.0,0.0,-5.099019513592785,0.0,0.0
-17.770658400858423,-5.916079783099616,-16.705561948045926,-5.385164807134505,-5.744562646538029,0.0
-13.435028842544405,-11.712386605641056,0.0,0.0,-6.164414002968977,0.0
-7.681145747868609,-6.557438524302,-7.0710678118654755,-6.4031242374328485,-6.708203932499369,0.0
-7.681145747868609,-7.0710678118654755,-7.681145747868609,-7.0710678118654755,0.0,0.0
0.0,0.0,0.0,0.0,0.0,0.0
-5.744562646538029,0.0,0.0,0.0,0.0,0.0
-6.164414002968977,-5.477225575051662,-5.744562646538029,-4.898979485566357,0.0,0.0
-6.708203932499369,-5.744562646538029,0.0,0.0,0.0,0.0
-7.348469228349535,-6.164414002968977,0.0,0.0,0.0,-7.0710678118654755
-13.962091533864118,-6.708203932499369,-13.962091533864118,-6.708203932499369,0.0,0.0
-5.196152422706632,-5.099019513592785,0.0,0.0,0.0,0.0
-5.477225575051662,-5.099019513592785,0.0,0.0,0.0,0.0
-5.916079783099616,-5.196152422706632,0.0,-4.58257569495584,0.0,0.0
-6.48074069840786,-5.477225575051662,0.0,0.0,0.0,0.0
0.0,0.0,0.0,0.0,-6.4031242374328485,0.0
0.0,0.0,0.0,0.0,0.0,0.0
-5.099019513592785,0.0,0.0,0.0,0.0,0.0
-10.231813133555558,0.0,0.0,0.0,0.0,0.0
-5.830951894845301,-5.099019513592785,-10.231813133555558,-4.47213595499958,-10.819160405144183,0.0
-6.4031242374328485,-5.385164807134505,-5.830951894845301,-5.0,0.0,0.0
-13.435028842544405,-5.830951894845301,-6.4031242374328485,0.0,0.0,0.0
-7.0710678118654755,-6.4031242374328485,-7.0710678118654755,-12.165936051122411,-7.1414284285428495,0.0
-5.196152422706632,0.0,0.0,0.0,0.0,-5.0
-10.406728592598158,-5.099019513592785,0.0,0.0,0.0,0.0
-11.240551587889271,-5.196152422706632,-5.477225575051662,-8.706893820416095,-5.744562646538029,-5.385164807134505
-6.48074069840786,-5.477225575051662,-5.916079783099616,-5.099019513592785,-6.164414002968977,0.0
-7.1414284285428495,-5.916079783099616,-6.48074069840786,-5.744562646538029,0.0,0.0
-7.1414284285428495,-6.48074069840786,-7.1414284285428495,-6.48074069840786,-7.952207582274479,-7.0710678118654755
-5.477225575051662,-5.385164807134505,-5.385164807134505,-8.497058314499203,-5.830951894845301,0.0
-5.744562646538029,-10.231813133555558,-5.477225575051662,0.0,0.0,0.0
-6.164414002968977,-5.477225575051662,-5.744562646538029,-4.898979485566357,-6.164414002968977,-5.477225575051662
-12.745587471748802,-5.744562646538029,-6.164414002968977,-5.385164807134505,0.0,0.0
-7.348469228349535,-6.164414002968977,-6.708203932499369,-11.4,-14.01131002391336,0.0
-7.348469228349535,-12.745587471748802,-7.348469228349535,-6.708203932499369,-14.594176920950357,-7.1414284285428495
-5.916079783099616,-5.830951894845301,-5.830951894845301,-5.0,0.0,-5.385164807134505
-6.164414002968977,-5.830951894845301,-5.916079783099616,-5.099019513592785,-6.9977513365962825,0.0
-6.557438524302,-5.916079783099616,-11.712386605641056,-5.385164807134505,-6.708203932499369,-5.744562646538029
-7.0710678118654755,-6.164414002968977,-6.557438524302,-5.830951894845301,0.0,0.0
-7.681145747868609,-6.557438524302,-7.0710678118654755,-12.165936051122411,-7.54983443527075,-6.708203932499369
-7.681145747868609,-7.0710678118654755,0.0,-7.0710678118654755,0.0,-13.962091533864118
-6.48074069840786,-6.4031242374328485,0.0,0.0,0.0,0.0
-6.708203932499369,-6.4031242374328485,-12.313407326974936,-10.914669028422255,-7.1414284285428495,-5.916079783099616
-7.0710678118654755,-6.48074069840786,0.0,0.0,0.0,-6.164414002968977
-7.54983443527075,-6.708203932499369,-7.0710678118654755,-6.4031242374328485,0.0,0.0
-8.12403840463596,-7.0710678118654755,-7.54983443527075,-6.9282032302755105,0.0,-7.0710678118654755
-8.12403840463596,-7.54983443527075,0.0,0.0,0.0,0.0
-7.1414284285428495,0.0,0.0,-6.4031242374328485,0.0,0.0
-7.348469228349535,-7.0710678118654755,-7.1414284285428495,-6.48074069840786,-7.1414284285428495,-6.48074069840786
-7.681145747868609,-7.1414284285428495,-7.348469228349535,-6.708203932499369,0.0,0.0
-8.12403840463596,-7.348469228349535,-7.681145747868609,-7.0710678118654755,0.0,0.0
-8.660254037844387,-7.681145747868609,0.0,-7.54983443527075,0.0,0.0
-8.660254037844387,-8.12403840463596,0.0,-8.12403840463596,0.0,0.0
-6.48074069840786,0.0,0.0,0.0,0.0,0.0
-6.708203932499369,0.0,0.0,0.0,0.0,0.0
0.0,0.0,0.0,-6.164414002968977,0.0,0.0
0.0,0.0,0.0,0.0,0.0,0.0
-8.12403840463596,-7.0710678118654755,0.0,0.0,0.0,0.0
-8.12403840463596,-7.54983443527075,0.0,0.0,0.0,0.0
-10.914669028422255,0.0,0.0,0.0,0.0,0.0
-6.0,-5.656854249492381,-6.48074069840786,-5.099019513592785,0.0,0.0
-6.4031242374328485,-5.744562646538029,-6.708203932499369,0.0,0.0,0.0
0.0,0.0,-7.0710678118654755,0.0,0.0,0.0
0.0,0.0,0.0,0.0,0.0,0.0
0.0,0.0,0.0,0.0,0.0,0.0
-5.099019513592785,0.0,0.0,0.0,0.0,0.0
-5.385164807134505,-5.0,-5.916079783099616,0.0,0.0,0.0
-11.078808600206072,-5.099019513592785,-6.164414002968977,-4.69041575982343,0.0,0.0
-6.4031242374328485,-10.231813133555558,-6.557438524302,0.0,0.0,0.0
-13.435028842544405,-5.830951894845301,0.0,0.0,0.0,0.0
-7.0710678118654755,-6.4031242374328485,-7.681145747868609,-6.557438524302,-6.708203932499369,0.0
0.0,0.0,0.0,0.0,0.0,0.0
0.0,0.0,0.0,0.0,0.0,0.0
-5.385164807134505,0.0,0.0,0.0,0.0,0.0
-6.0,-4.898979485566357,0.0,0.0,0.0,0.0
-6.708203932499369,-5.385164807134505,0.0,0.0,-5.744562646538029,0.0
-6.708203932499369,-6.0,-7.348469228349535,-6.164414002968977,-6.48074069840786,0.0
-4.242640687119286,-4.123105625617661,-5.099019513592785,-3.1622776601683795,0.0,0.0
-4.58257569495584,-4.123105625617661,0.0,0.0,0.0,0.0
-5.099019513592785,-4.242640687119286,-5.477225575051662,-3.7416573867739418,-4.47213595499958,0.0
-5.744562646538029,-4.58257569495584,-5.916079783099616,0.0,0.0,0.0
-6.48074069840786,0.0,0.0,0.0,0.0,-6.0
-6.48074069840786,-5.744562646538029,0.0,0.0,0.0,-6.708203932499369
0.0,0.0,0.0,0.0,0.0,-4.123105625617661
-4.47213595499958,0.0,0.0,0.0,0.0,0.0
-5.0,-4.123105625617661,-5.385164807134505,-3.6055512754639896,0.0,-4.58257569495584
-5.656854249492381,-4.47213595499958,-5.830951894845301,-4.242640687119286,-5.099019513592785,-5.099019513592785
-6.4031242374328485,-5.0,0.0,-5.0,0.0,0.0
-6.4031242374328485,-5.656854249492381,-7.0710678118654755,-5.830951894845301,-6.48074069840786,0.0
-4.242640687119286,-4.123105625617661,-5.099019513592785,-3.1622776601683795,0.0,0.0
-4.58257569495584,-4.123105625617661,-5.196152422706632,0.0,-4.58257569495584,0.0
-10.138137075826293,-4.242640687119286,-5.477225575051662,-3.7416573867739418,-4.898979485566357,0.0
-5.744562646538029,-8.706893820416095,-5.916079783099616,-8.28190799272728,-5.385164807134505,-9.5
-6.48074069840786,-9.688137075826292,-6.48074069840786,-5.099019513592785,0.0,0.0
-6.48074069840786,-5.744562646538029,-7.1414284285428495,0.0,-6.708203932499369,0.0
-4.58257569495584,-8.497058314499203,-5.385164807134505,-3.6055512754639896,0.0,-4.123105625617661
-4.898979485566357,-4.47213595499958,-5.477225575051662,-3.7416573867739418,-10.080437980744954,-4.242640687119286
-5.385164807134505,-8.706893820416095,-5.744562646538029,-4.459854790427316,-5.385164807134505,0.0
-6.0,-4.898979485566357,-6.164414002968977,-4.69041575982343,-5.830951894845301,-5.511451326138811
-6.708203932499369,-5.385164807134505,-6.708203932499369,-5.385164807134505,-6.927909907968926,-5.744562646538029
-6.708203932499369,-6.0,-13.962091533864118,-6.164414002968977,-7.6473489932344325,0.0
-9.688137075826292,-5.0,-5.830951894845301,-4.567140301911045,0.0,0.0
-5.385164807134505,-5.0,-5.916079783099616,-12.574602141547267,-10.914669028422255,-4.58257569495584
-5.830951894845301,-5.099019513592785,-6.164414002968977,-4.69041575982343,0.0,-4.898979485566357
-12.165936051122411,-5.385164807134505,-6.557438524302,-5.196152422706632,-12.165936051122411,-5.385164807134505
-13.435028842544405,-11.078808600206072,-7.0710678118654755,-5.830951894845301,-6.9282032302755105,-6.0
-7.0710678118654755,-12.165936051122411,-7.681145747868609,-6.557438524302,-7.54983443527075,-6.708203932499369
-5.744562646538029,-5.656854249492381,-6.4031242374328485,-5.0,-6.927909907968926,-5.0
-6.0,-10.748023074035522,-12.313407326974936,-9.688137075826292,-6.48074069840786,-5.099019513592785
-6.4031242374328485,-5.744562646538029,-6.708203932499369,-5.385164807134505,0.0,0.0
-13.16358613752347,-11.4,-7.0710678118654755,-11.563473432848177,-7.0710678118654755,-5.830951894845301
-7.54983443527075,-12.165936051122411,-7.54983443527075,-6.4031242374328485,-7.54983443527075,0.0
-14.344685427014426,-6.9282032302755105,-8.12403840463596,-7.0710678118654755,0.0,0.0
-6.48074069840786,-12.675052933576726,-7.0710678118654755,-11.078808600206072,-6.4031242374328485,-10.748023074035522
-6.708203932499369,-12.165936051122411,-7.1414284285428495,-5.916079783099616,-6.48074069840786,-5.744562646538029
-7.0710678118654755,-6.48074069840786,-7.348469228349535,-6.164414002968977,-6.708203932499369,0.0
-7.54983443527075,-6.708203932499369,-7.681145747868609,-6.557438524302,-7.0710678118654755,-12.690721721658491
-15.435672968808326,-7.0710678118654755,-8.12403840463596,-7.0710678118654755,-7.54983443527075,-6.9282032302755105
-8.12403840463596,-7.54983443527075,-8.660254037844387,-14.594176920950357,-8.12403840463596,0.0
-5.916079783099616,0.0,-6.4031242374328485,0.0,0.0,-5.830951894845301
-6.164414002968977,-5.830951894845301,0.0,0.0,0.0,0.0
-6.557438524302,0.0,0.0,0.0,-5.385164807134505,0.0
-7.0710678118654755,-6.164414002968977,0.0,0.0,0.0,0.0
-7.681145747868609,-6.557438524302,-7.54983443527075,0.0,0.0,0.0
-7.681145747868609,-7.0710678118654755,-8.12403840463596,-7.348469228349535,0.0,0.0
-5.099019513592785,-5.0,-5.656854249492381,-4.47213595499958,0.0,0.0
-5.385164807134505,-5.0,-5.744562646538029,-4.58257569495584,-4.358898943540674,0.0
-5.830951894845301,-5.099019513592785,-6.0,-4.898979485566357,0.0,0.0
-6.4031242374328485,-5.385164807134505,0.0,0.0,0.0,0.0
-7.0710678118654755,-5.830951894845301,0.0,0.0,0.0,0.0
0.0,0.0,0.0,0.0,0.0,-7.681145747868609
0.0,0.0,0.0,0.0,0.0,0.0
-4.69041575982343,0.0,0.0,0.0,0.0,-5.099019513592785
-5.196152422706632,0.0,-5.385164807134505,-4.123105625617661,0.0,-5.385164807134505
-5.830951894845301,-4.69041575982343,-5.830951894845301,0.0,0.0,0.0
-6.557438524302,-5.196152422706632,0.0,0.0,0.0,-6.4031242374328485
-6.557438524302,-5.830951894845301,-13.435028842544405,-6.164414002968977,0.0,0.0
0.0,0.0,0.0,0.0,0.0,0.0
0.0,0.0,0.0,0.0,0.0,0.0
0.0,0.0,0.0,0.0,0.0,0.0
0.0,0.0,0.0,0.0,0.0,0.0
0.0,0.0,0.0,0.0,0.0,-5.830951894845301
-11.712386605641056,-5.385164807134505,0.0,0.0,0.0,-12.459133196173802
-3.3166247903554003,-8.569772459056308,-4.123105625617661,-2.23606797749979,-3.0,0.0
-3.7416573867739418,-6.008327554319921,0.0,-2.4494897427831783,0.0,0.0
-4.358898943540674,-3.3166247903554003,-4.58257569495584,0.0,0.0,0.0
-5.099019513592785,-3.7416573867739418,-5.099019513592785,0.0,0.0,0.0
-5.916079783099616,-4.358898943540674,0.0,0.0,0.0,0.0
-5.916079783099616,-5.099019513592785,0.0,-5.477225575051662,0.0,-6.164414002968977
-3.1622776601683795,-3.0,-4.0,-2.0,-3.3635237781433602,0.0
-3.6055512754639896,-3.0,0.0,-2.23606797749979,0.0,-3.3166247903554003
-4.242640687119286,-3.1622776601683795,-4.47213595499958,-2.8284271247461903,-3.7416573867739418,0.0
-5.0,-3.6055512754639896,-5.0,-3.6055512754639896,-4.695648108350329,0.0
-5.830951894845301,-4.242640687119286,-5.656854249492381,-4.47213595499958,0.0,0.0
-5.830951894845301,-5.0,-6.4031242374328485,0.0,0.0,-5.916079783099616
-3.3166247903554003,-6.008327554319921,-4.123105625617661,-4.248529157249601,-6.85054742338158,-3.0
-3.7416573867739418,-3.1622776601683795,-4.242640687119286,-2.4494897427831783,-4.011657386773942,-3.1622776601683795
-4.358898943540674,-6.301587101675261,-4.58257569495584,-3.2204540768504866,-7.833900688673555,-3.6055512754639896
-5.099019513592785,-7.109149034870489,-10.080437980744954,-3.7416573867739418,-5.06149526612902,-4.242640687119286
-5.916079783099616,-4.358898943540674,-5.744562646538029,0.0,-5.385164807134505,-5.0
-5.916079783099616,-5.099019513592785,-6.48074069840786,0.0,0.0,0.0
-3.7416573867739418,-3.6055512754639896,-4.47213595499958,-5.756379161170226,-4.242640687119286,-6.008327554319921
-4.123105625617661,-3.6055512754639896,-8.706893820416095,-5.9545584412271575,-4.358898943540674,-6.301587101675261
-9.282869449970107,-7.433648649662249,-4.898979485566357,-6.952872575067325,-4.69041575982343,-7.109149034870489
-5.385164807134505,-7.833900688673555,-5.385164807134505,-8.274808842374528,-10.29482702152671,-8.28190799272728
-6.164414002968977,-8.911789943664516,-6.0,-4.898979485566357,-6.298605612888898,-5.099019513592785
-6.164414002968977,-5.385164807134505,-6.708203932499369,0.0,-6.557438524302,0.0
-8.618657157536935,-4.242640687119286,-5.0,-7.253039659331542,-5.0,-7.1232180152264855
-9.282869449970107,-8.061017305526644,-10.100568888372319,-7.4802285411760785,-10.100568888372319,-7.109149034870489
-5.196152422706632,-8.70404541111139,-5.385164807134505,-8.256038107057664,-10.231813133555558,-8.451242084309369
-5.830951894845301,-9.282869449970107,-11.078808600206072,-5.06149526612902,-11.563473432848177,-8.911789943664516
-6.557438524302,-9.8726896031426,-6.4031242374328485,-5.385164807134505,-6.4031242374328485,-5.385164807134505
-6.557438524302,-11.078808600206072,-13.435028842544405,0.0,0.0,0.0
-10.172801908468397,-9.5,-5.656854249492381,-8.868137820804792,-6.280951894845301,-8.385516920318402
-5.385164807134505,-9.958911756223351,-11.786601365246621,-9.165805576639446,-5.916079783099616,-8.740819748950631
-5.830951894845301,-10.080437980744954,-6.0,-9.8250716607645,-6.164414002968977,-9.282869449970107
-6.4031242374328485,-10.653950551939667,-6.4031242374328485,-10.771813133555558,-6.557438524302,-10.328224177094214
-7.0710678118654755,-5.830951894845301,-6.9282032302755105,-6.0,-13.435028842544405,-5.830951894845301
-7.0710678118654755,-6.4031242374328485,-7.54983443527075,-12.745587471748802,-8.3175418509365,0.0
-11.240551587889271,-5.830951894845301,-12.675052933576726,-5.385164807134505,-5.830951894845301,-9.5
-11.712386605641056,-11.078808600206072,-12.313407326974936,-5.477225575051662,-5.916079783099616,-5.099019513592785
-12.983918866709878,-11.240551587889271,-6.708203932499369,-5.744562646538029,0.0,0.0
-7.0710678118654755,-6.164414002968977,-14.01131002391336,-12.229397243829478,-6.557438524302,-5.830951894845301
-15.230573024018248,-6.557438524302,-14.344685427014426,-6.708203932499369,-7.0710678118654755,-6.4031242374328485
-14.594176920950357,-13.435028842544405,-8.12403840463596,-7.348469228349535,-15.230573024018248,-13.435028842544405
-5.477225575051662,-14.593796627334507,-5.830951894845301,0.0,-4.47213595499958,0.0
-5.744562646538029,-5.385164807134505,-5.916079783099616,0.0,0.0,0.0
-6.164414002968977,-5.477225575051662,0.0,0.0,-4.898979485566357,0.0
-6.708203932499369,-5.744562646538029,0.0,0.0,0.0,-6.164414002968977
-7.348469228349535,-6.164414002968977,-7.0710678118654755,0.0,0.0,0.0
-7.348469228349535,-6.708203932499369,-7.681145747868609,-7.1414284285428495,0.0,0.0
-4.58257569495584,-8.497058314499203,-9.5,-4.123105625617661,-3.6055512754639896,-5.385164807134505
-9.308061022576076,-4.47213595499958,-5.099019513592785,0.0,0.0,0.0
-10.231813133555558,-4.58257569495584,0.0,-4.58257569495584,0.0,-5.744562646538029
-6.0,-4.898979485566357,0.0,-5.099019513592785,-4.69041575982343,0.0
-6.708203932499369,-5.385164807134505,0.0,0.0,0.0,0.0
-6.708203932499369,-6.0,0.0,0.0,-6.164414002968977,0.0
-3.7416573867739418,-3.6055512754639896,0.0,0.0,0.0,-8.497058314499203
-4.123105625617661,-3.6055512754639896,-4.358898943540674,0.0,0.0,0.0
-8.911789943664516,-3.7416573867739418,-4.69041575982343,-3.7416573867739418,0.0,0.0
-5.385164807134505,-4.123105625617661,-5.196152422706632,-4.358898943540674,0.0,0.0
-6.164414002968977,-4.69041575982343,0.0,-5.099019513592785,0.0,0.0
-6.164414002968977,-5.385164807134505,-6.557438524302,-5.916079783099616,-5.744562646538029,0.0
0.0,0.0,0.0,0.0,0.0,0.0
-3.4641016151377553,0.0,0.0,-2.4494897427831783,0.0,0.0
-4.123105625617661,-3.0,0.0,0.0,0.0,-4.123105625617661
-4.898979485566357,-3.4641016151377553,0.0,0.0,0.0,0.0
-5.744562646538029,-4.123105625617661,0.0,-4.58257569495584,0.0,0.0
-5.744562646538029,-4.898979485566357,-6.164414002968977,-5.477225575051662,-5.477225575051662,0.0
-2.4494897427831783,-2.23606797749979,-3.1622776601683795,-1.4142135623730951,-2.09,0.0
-3.0,-2.23606797749979,-3.3166247903554003,-1.7320508075688776,-2.3575961981133684,0.0
-3.7416573867739418,-2.4494897427831783,0.0,0.0,0.0,-3.4641016151377553
-4.58257569495584,-3.0,-4.358898943540674,-3.6012297797705544,-3.860109716691147,0.0
-5.477225575051662,-3.7416573867739418,0.0,-4.242640687119286,0.0,0.0
-5.477225575051662,-4.58257569495584,-5.916079783099616,-5.196152422706632,-5.385164807134505,-5.744562646538029
-2.23606797749979,-3.8899999999999997,-3.0,0.3851,-2.23606797749979,-2.23606797749979
-2.8284271247461903,-3.971,-3.1622776601683795,-2.0018442645988808,-2.4494897427831783,-2.4494897427831783
-6.85054742338158,-4.248529157249601,-3.6055512754639896,-2.3687198067381057,-3.336069145362398,0.0
-4.47213595499958,-5.374011537017761,-4.242640687119286,-3.1622776601683795,-7.6766486496622495,-3.7416573867739418
-10.231813133555558,-3.6055512754639896,0.0,-4.123105625617661,0.0,0.0
-5.385164807134505,-4.47213595499958,-5.830951894845301,-5.099019513592785,0.0,-5.477225575051662
-4.809915083969237,-6.461319802052399,-6.008327554319921,-3.841518754031088,-2.8284271247461903,-3.8
-5.920454076850486,-4.4903596764154,-3.3166247903554003,-3.373330829883167,-3.2204540768504866,-4.428529157249601
-3.7416573867739418,-4.855276629263019,-3.7416573867739418,-4.877041375987941,-7.195872575067325,-5.374011537017761
-4.58257569495584,-5.7,-4.358898943540674,-3.653373955165055,-8.145669834035953,-7.1051058646087375
-5.477225575051662,-3.7416573867739418,-5.099019513592785,0.0,0.0,0.0
-5.477225575051662,-4.58257569495584,-5.916079783099616,-5.196152422706632,0.0,0.0
-6.011769145362398,-2.8284271247461903,-3.6055512754639896,-4.4903596764154,-7.67786235736984,-4.564326573776803
-10.092766439003938,-5.575257654992743,-7.407645266002476,-4.924030511288039,-10.73303774096793,-6.908117202942413
-8.256038107057664,-11.137139217430256,-8.256038107057664,-6.036749164809655,-8.4980241018119,-5.7
-9.308061022576076,-6.581793068761735,-9.282869449970107,-11.224662332584177,-9.379443661708114,-7.3791490348704905
-10.914669028422255,-4.123105625617661,-10.653950551939667,-4.58257569495584,-5.807302225518613,0.0
-5.744562646538029,-4.898979485566357,-6.164414002968977,0.0,-12.197051438283161,-5.477225575051662
-7.109149034870489,-10.02560239773457,-8.061017305526644,-6.278327554319921,-8.981723147141308,-7.866283626037157
-7.833900688673555,-9.771043956507413,-8.663745654568016,-6.586192091090415,-9.450876222445757,-8.129999999999999
-13.103327614040156,-10.825630755536277,-9.310928673052723,-7.8849899017870335,-10.091681466413526,-10.220494883328907
-10.231813133555558,-11.534665410233515,-10.29482702152671,-13.031242557086072,-11.486581165262244,-8.4980241018119
-11.712386605641056,-9.676612112827588,-5.830951894845301,-5.099019513592785,-11.4,-4.898979485566357
-6.164414002968977,-10.231813133555558,-6.557438524302,-11.823818250745978,-6.708203932499369,-10.914669028422255
-9.043642985225752,-8.899550550449163,-9.881837661840736,-8.236392924623518,-10.69072488977891,-7.1051058646087375
-9.8250716607645,-8.947058314499202,-10.138137075826293,-8.061017305526644,-20.735459848779374,-7.4802285411760785
-15.414628457581177,-9.043642985225752,-15.449525721888733,-9.075575618791968,-5.744562646538029,-11.812147621612418
-12.003738353924945,-14.132087869818356,-11.54646231824967,-15.2382649655064,-17.190226780688032,-13.233683909418172
-13.30038473201601,-15.395857722264314,-12.165936051122411,-10.914669028422255,-13.285587471748801,-10.231813133555558
-12.745587471748802,-11.4,-7.0710678118654755,-12.956135885543791,-7.348469228349535,-12.229397243829478
-5.477225575051662,-10.231813133555558,-11.078808600206072,-10.560069412650659,-5.385164807134505,-8.821557929290961
-10.914669028422255,-10.63430536950552,-11.240551587889271,-14.994005402359338,-10.406728592598158,-12.859688287031297
-12.302556072828235,-10.406728592598158,-6.164414002968977,-11.295270656880993,-11.431679666610677,-9.720492835122103
-6.708203932499369,-11.407619330176905,-12.983918866709878,-11.240551587889271,-12.267183865908263,-15.515399636201458
-7.348469228349535,-6.164414002968977,-7.0710678118654755,-6.48074069840786,-6.708203932499369,-12.32086318202
-7.348469228349535,-6.708203932499369,-7.681145747868609,-7.1414284285428495,-7.348469228349535,-7.2482039324993695
-5.196152422706632,-5.099019513592785,-5.385164807134505,0.0,0.0,0.0
-5.477225575051662,-5.099019513592785,-5.477225575051662,0.0,0.0,0.0
-5.916079783099616,-5.196152422706632,0.0,0.0,0.0,0.0
-6.48074069840786,-5.477225575051662,0.0,0.0,0.0,-5.916079783099616
-7.1414284285428495,-5.916079783099616,-6.708203932499369,0.0,0.0,0.0
-7.1414284285428495,-6.48074069840786,-7.348469228349535,-7.0710678118654755,0.0,0.0
-4.242640687119286,-7.833900688673555,-4.47213595499958,-4.0,0.0,0.0
-4.58257569495584,-4.123105625617661,-4.58257569495584,0.0,-3.3166247903554003,0.0
-5.099019513592785,-4.242640687119286,-4.898979485566357,-4.47213595499958,0.0,0.0
-10.914669028422255,-4.58257569495584,-5.385164807134505,0.0,0.0,0.0
-6.48074069840786,-9.688137075826292,0.0,0.0,0.0,0.0
-6.48074069840786,-5.744562646538029,-6.708203932499369,-6.4031242374328485,0.0,0.0
-3.3166247903554003,-3.1622776601683795,-3.6055512754639896,0.0,0.0,0.0
-3.7416573867739418,-3.1622776601683795,-3.7416573867739418,-3.1622776601683795,-2.605374315464377,-4.242640687119286
-4.358898943540674,-6.301587101675261,-4.123105625617661,-3.6055512754639896,-5.920454076850486,-4.58257569495584
-5.099019513592785,-10.409891518157384,-4.69041575982343,0.0,0.0,0.0
-11.240551587889271,-4.358898943540674,-5.385164807134505,-5.0,-4.58257569495584,0.0
-5.916079783099616,-9.688137075826292,-6.164414002968977,-11.078808600206072,-5.477225575051662,-6.48074069840786
-2.4494897427831783,0.0,0.0,-2.0,0.0,0.0
-3.0,-2.23606797749979,-3.0,-2.23606797749979,-3.3960295449944464,-3.3166247903554003
-3.7416573867739418,-4.654030511288038,-3.4641016151377553,-2.8284271247461903,-2.4494897427831783,-3.7416573867739418
-4.58257569495584,-5.7,0.0,-3.6055512754639896,0.0,-4.358898943540674
-5.477225575051662,-3.7416573867739418,-4.898979485566357,-4.47213595499958,-4.242640687119286,-5.099019513592785
-5.477225575051662,-4.58257569495584,-5.744562646538029,-5.385164807134505,-5.196152422706632,-5.916079783099616
-1.7320508075688776,-1.4142135623730951,-2.23606797749979,-1.0,1.439,0.0
-2.4494897427831783,-1.4142135623730951,-2.4494897427831783,-1.4142135623730951,-0.16702435473462174,-2.4494897427831783
-6.522041178525747,-3.2908965343808676,-3.0,-2.456522054350276,-2.23606797749979,0.0
-4.242640687119286,-4.654030511288038,-7.109149034870489,-6.008327554319921,-6.306823785451907,-3.7416573867739418
-9.8726896031426,-6.301587101675261,-4.58257569495584,-4.123105625617661,-4.407710615032815,-4.58257569495584
-14.884138717414988,-8.061017305526644,-5.477225575051662,-10.059216582131882,-5.099019513592785,-5.477225575051662
-1.4142135623730951,-1.0,-2.0,46.8559,0.0,-1.4142135623730951
-2.23606797749979,-1.0,-2.23606797749979,30.93365538566939,-1.7320508075688776,-1.8371838181824562
-3.1622776601683795,-0.9760462424538828,-2.8284271247461903,-2.09,-2.4494897427831783,-2.4494897427831783
-7.833900688673555,-4.248529157249601,-3.6055512754639896,-5.984604989415154,-3.537078867205887,-6.638336266484915
-5.099019513592785,-6.209573672294901,-4.47213595499958,-4.37107950630559,-11.79605249322525,-4.242640687119286
-5.099019513592785,-4.123105625617661,-5.385164807134505,-5.0,-5.655064178929983,-10.675255255022615
-3.348119017283015,-1.4142135623730951,-6.059744219024431,-1.0,-2.41606797749979,4.48289
-2.4494897427831783,-2.6870057685088806,-4.855276629263019,1.8815844652050295,-5.176694250853582,-1.5339994402568287
-6.301587101675261,-3.2908965343808676,-5.9545584412271575,-4.670187514449326,-6.240871742466839,-4.37580837786318
-8.473449118072669,-6.908117202942413,-7.109149034870489,-6.278327554319921,-7.433648649662249,-6.008327554319921
-14.540484821758323,-6.301587101675261,-4.58257569495584,-12.279880561707063,-4.58257569495584,-7.833900688673555
-5.196152422706632,-8.432096811832231,-5.477225575051662,-10.059216582131882,-15.682123657725024,-10.059216582131882
-7.450717200978221,-4.449775275224582,-2.8284271247461903,-3.8827100000000003,-3.1622776601683795,-3.652788754031088
-8.631773188949346,-6.260990336999413,-8.582967110392595,-6.586074827868332,-10.245119961231994,-6.202610299380737
-13.5486381736804,-9.544602596219665,-6.581793068761735,-8.742958305522652,-11.372689654227344,-6.839363320917394
-9.34671723355444,-8.562892357557232,-14.981421341428941,-14.356431242988187,-8.740819748950631,-12.358339689803108
-10.899678894352807,-10.652891518157382,-9.308061022576076,-8.868137820804792,-10.080437980744954,-8.432096811832231
-15.80394721815761,-9.147801974117069,-10.914669028422255,-10.724763435310209,-11.823818250745978,-10.331601359365951
-6.586192091090415,-6.292932543735075,-6.85054742338158,-6.06468,-8.550300688673556,-6.416126036742451
-11.414733026644043,-9.097377448471462,-10.866163978751073,-9.587521178517786,-13.00315388732814,-9.140637786676871
-12.843389817501205,-12.778021419925416,-11.50968539078626,-11.935791840817737,-12.877691889553676,-13.91077646105516
-13.818342881836447,-14.59707295965114,-13.539928665189706,-17.991609990420443,-10.172801908468397,-11.268807020565502
-11.69946334411262,-12.47930421093545,-5.385164807134505,-10.298132403872431,-11.42378591087657,-13.32475101568599
-11.73350188964392,-14.268342881836448,-12.244833786120022,-11.60359427074215,-12.890220034611819,-15.32794614103211
-12.615148261605743,-11.555453907264596,-8.899550550449163,-11.912629,-14.636979270153585,-9.035498954648945
-13.177668846395227,-11.98862236640404,-12.821272369280287,-12.832216087182275,-15.407025982960356,-12.492013810147503
-14.748226403900128,-12.615148261605743,-13.647313912190416,-12.490567944354453,-15.731823372672839,-14.439186132250903
-16.15103143497477,-12.911730435084975,-15.922509731871084,-16.34891212720382,-17.44351559953126,-12.859227887481147
-18.78399155396613,-15.35404009480961,-22.14896993159711,-11.730343286593527,-12.8458545074539,-10.577801908468398
-28.6746949592326,-16.02667652834141,-13.328854134605509,-24.685345516294586,-7.1414284285428495,-12.556139196292822
-15.407025982960356,-14.690275218660814,-10.69072488977891,-15.259470580601016,-14.690275218660814,-11.576108481373822
-15.900703301546976,-10.138137075826293,-20.494988934425677,-20.303225739661197,-10.340343321186198,-16.42626387585212
-16.52552651395461,-14.994005402359338,-16.481592748637357,-17.567138601405382,-16.26790768046094,-14.577606943877292
-12.875365023223459,-15.336231610144655,-12.267183865908263,-11.611255780685038,-11.772998768368236,-14.805889102610063
-7.1414284285428495,-11.772998768368236,-6.708203932499369,-12.165936051122411,-6.48074069840786,-12.316141780785427
-7.1414284285428495,-6.48074069840786,-7.348469228349535,-7.0710678118654755,-7.1414284285428495,-12.889688508343891
-5.099019513592785,-5.0,-5.099019513592785,0.0,0.0,0.0
-5.385164807134505,-5.0,-5.196152422706632,0.0,0.0,0.0
-5.830951894845301,-5.099019513592785,0.0,0.0,0.0,0.0
-6.4031242374328485,-5.385164807134505,0.0,-5.916079783099616,-5.0,0.0
-7.0710678118654755,-5.830951894845301,-6.48074069840786,0.0,0.0,0.0
-7.0710678118654755,-6.4031242374328485,-7.1414284285428495,-7.1414284285428495,0.0,0.0
-4.123105625617661,-4.0,-4.123105625617661,-4.123105625617661,-3.0,0.0
-4.47213595499958,-4.0,-4.242640687119286,0.0,-3.1622776601683795,0.0
-5.0,-4.123105625617661,0.0,-8.706893820416095,0.0,0.0
-5.656854249492381,-4.47213595499958,0.0,0.0,0.0,-5.830951894845301
-6.4031242374328485,-5.0,0.0,0.0,-5.0,0.0
0.0,-5.656854249492381,-6.48074069840786,0.0,0.0,0.0
-3.1622776601683795,-5.7,-3.1622776601683795,-3.1622776601683795,0.0,0.0
-3.6055512754639896,-3.0,-3.3166247903554003,-3.3166247903554003,0.0,-4.123105625617661
-4.242640687119286,-3.1622776601683795,-7.109149034870489,-3.7416573867739418,0.0,0.0
-9.5,-3.6055512754639896,-4.358898943540674,0.0,0.0,0.0
-5.830951894845301,-4.242640687119286,-5.099019513592785,-5.099019513592785,-12.443988052840622,0.0
-5.830951894845301,-9.5,-16.03257621219996,0.0,0.0,0.0
-4.248529157249601,-2.0,-2.23606797749979,-2.23606797749979,-1.0,-3.0
-2.8284271247461903,-3.8,-2.4494897427831783,-2.4494897427831783,-0.8609853793697607,0.0
-6.85054742338158,-2.23606797749979,-5.7,-3.0,-2.39038538849979,-3.6055512754639896
-4.47213595499958,-5.374011537017761,-7.109149034870489,0.0,-3.1622776601683795,-4.242640687119286
-10.231813133555558,-6.85054742338158,-4.58257569495584,-4.58257569495584,-11.976181897303874,-5.0
-5.385164807134505,-4.47213595499958,-5.477225575051662,0.0,-13.818342881836447,-5.830951894845301
-2.6870057685088806,-1.0,-1.4142135623730951,-1.4142135623730951,19.0,-2.0
-6.059744219024431,-1.9,-1.7320508075688776,-2.810301772563202,30.69501850411355,0.0
-3.1622776601683795,-2.0816439183839437,-4.654030511288038,-4.924030511288039,-2.99681543,-2.8284271247461903
-7.833900688673555,-4.248529157249601,-9.27265817127829,-3.3166247903554003,-6.242351818967407,-3.6055512754639896
-10.059216582131882,-8.868268690188295,-8.061017305526644,-8.52867102357024,-7.870000000000001,-8.909490127045228
-9.688137075826292,-8.374650168562349,-5.196152422706632,-22.00425534372333,-5.36,-5.385164807134505
0.0,0.0,0.0,0.0,0.0,0.0
-2.031957995335569,99.66186080864775,-1.1681445623730953,8.080398318775746,1.7335495446138856,-0.497481811463821
-5.968877496974457,40.8416925417428,-2.23606797749979,-4.3216894945823165,-4.5179033098551304,-2.23606797749979
-7.971079506305591,-2.893668086236758,-6.278327554319921,-6.008327554319921,-3.4322776601683795,-6.303942003367284
-9.5,-5.7,-7.833900688673555,-8.215738350514291,-12.256504958488762,-8.215738350514291
-14.413911756223351,-7.6,-9.688137075826292,-10.60137147071076,-5.099019513592785,-5.099019513592785
-1.4142135623730951,25.400606692267722,-3.7848187540310883,9.516852170909239,-0.4790985244726924,99.5361602313412
-4.248529157249601,64.38954298962663,-4.576015321255138,-3.532727053546667,-4.473354928231066,18.857938150490376
-9.341972459056308,-3.422497654031088,-4.654030511288038,-5.108552066848709,-8.758725150024283,0.24116068271574354
-8.215738350514291,-8.175164075490164,-9.626035334177509,-10.0007354559894,-10.763971580561696,-8.541622128619668
-14.277254638059798,-9.341972459056308,-12.24395963031432,-12.43588773253546,-13.29014727719541,-11.596000000000002
-10.147048832049641,-12.47610099095996,-14.540484821758323,-9.8726896031426,-10.63430536950552,-5.45
-4.433903968082998,-3.9629000000000003,-2.23606797749979,-4.701496267642195,-3.0,51.43956358693321
-5.962859746002215,-3.3910952910267076,-12.159360875725609,-5.326360605751026,-6.950684458925338,18.476670035770038
-13.410331849622956,-10.044732856793354,-10.735862746015922,-10.072928230373766,-11.005802977466375,-10.133410136948985
-12.903459993723892,-12.693726305525987,-17.05222587686565,-15.34792529618671,-16.830257930070438,-14.277020018556678
-11.036394913224587,-11.08255524436574,-16.77839077005558,-14.702511539425878,-15.210062623285605,-12.15168630591367
-10.63430536950552,-13.168868409359877,-10.899678894352807,-10.819160405144183,-11.655089781575029,-14.750292881836447
-15.367911054859775,-10.916397539319002,-6.209573672294901,-9.402128108149798,-8.05,-0.8316031538100643
-14.551181425909544,-13.535172067977502,-12.769928661658682,-13.73591338932313,-18.956114323752765,-12.031399265239394
-16.643116014634156,-17.413748656165623,-16.5105591459519,-16.293791393125222,-18.395520938857857,-17.416611088819447
-19.117011099736203,-17.506708615055558,-19.483490154060835,-17.914713535838448,-19.593801843479856,-20.321199460223465
-16.762863654944738,-16.7516996089744,-14.65607852890535,-20.534690684028334,-17.504958988025614,-12.938124826366
-16.850467919882192,-14.571923985936785,-21.372502737829258,-6.440865453635694,-12.74221723249137,-15.480825310225551
-15.965856629140221,-18.6455191,-15.281902855220698,-21.141814185407362,-14.86902117144829,-15.112519468447655
-17.091234536143244,-18.50191524423128,-19.47545577720698,-23.00443834308561,-20.3465476748405,-16.637783768921604
-19.798810346286096,-20.224063320119747,-19.702711301747495,-18.799876329434355,-21.386748440870015,-19.935479419112916
-21.720256205092277,-22.006698289888515,-22.865951461478055,-26.58303465740633,-17.988831336000903,-20.906352602640478
-18.862366560944036,-19.813308410397468,-21.196043109777477,-17.507929096349496,-24.99835976474496,-19.03592497658187
-24.72705688006922,-21.12000307149448,-18.61138352991159,-20.43215396532321,-14.596410464345322,-16.78655752585798
-20.17598053463218,-27.65684177159963,-19.4787176969864,-20.960938695498847,-19.701995000000004,-19.21761807202631
-20.762096851494178,-19.660176183145573,-23.587542146710845,-21.685846514674815,-19.667887525721557,-19.7088211283807
-22.861518206414395,-20.223828631434436,-20.245197239437992,-23.926030581668236,-20.44798110790309,-22.25924472963863
-24.903564840272196,-15.943422781269357,-16.978043973279938,-24.429990201632116,-15.801879635030765,-19.08799658121835
-20.25752801475646,-22.34076144959785,-17.562807292685303,-20.251814570721443,-19.017919297599306,-21.84494627331671
-25.478783826806293,-18.49926623436724,-14.151980677088122,-14.724840919902267,-14.071424945612296,-12.165936051122411
-5.196152422706632,0.0,-5.0,0.0,0.0,0.0
-5.477225575051662,-5.099019513592785,-5.099019513592785,-5.477225575051662,-8.061017305526644,-9.8726896031426
-5.916079783099616,-9.8726896031426,0.0,0.0,0.0,0.0
-12.313407326974936,-5.477225575051662,-5.830951894845301,0.0,0.0,0.0
-7.1414284285428495,-5.916079783099616,-6.4031242374328485,-6.708203932499369,0.0,0.0
-13.568714014231414,-6.48074069840786,-7.0710678118654755,-7.348469228349535,0.0,0.0
-4.242640687119286,-4.123105625617661,-7.6,0.0,0.0,0.0
-4.58257569495584,-4.123105625617661,-4.123105625617661,-4.58257569495584,-6.522041178525747,-5.577990084547368
-5.099019513592785,-8.061017305526644,-4.47213595499958,-4.898979485566357,-3.7416573867739418,0.0
-5.744562646538029,-4.58257569495584,0.0,-5.385164807134505,0.0,0.0
-6.48074069840786,-5.099019513592785,-5.656854249492381,-6.0,0.0,0.0
-6.48074069840786,-5.744562646538029,0.0,0.0,0.0,0.0
-3.3166247903554003,0.0,0.0,-6.85054742338158,-3.2406409927152633,0.0
-3.7416573867739418,-6.008327554319921,-3.1622776601683795,-3.7416573867739418,-4.826905646946059,-4.541136918251271
-4.358898943540674,-3.3166247903554003,-3.6055512754639896,-4.123105625617661,-3.2204540768504866,-4.58257569495584
-5.099019513592785,-3.7416573867739418,-4.242640687119286,0.0,0.0,0.0
-5.916079783099616,-4.358898943540674,-5.0,-5.385164807134505,-4.964413356796576,-5.744562646538029
-5.916079783099616,-5.099019513592785,-5.830951894845301,0.0,0.0,0.0
-4.654030511288038,-4.248529157249601,-3.8,-2.8284271247461903,14.80086593995895,0.0
-8.364483688391793,-3.5070594436339113,-4.248529157249601,-3.0,-3.2131083626072554,-3.3166247903554003
-3.7416573867739418,-4.654030511288038,-7.665037508062175,-6.952872575067325,-4.995572744676099,-3.7416573867739418
-12.75552929813998,-3.0,-3.6055512754639896,-8.613657172435772,0.0,0.0
-5.477225575051662,-7.109149034870489,-8.868137820804792,-9.750800259954971,-8.457711260879595,-9.688137075826292
-5.477225575051662,-4.58257569495584,-10.231813133555558,-5.744562646538029,0.0,0.0
-2.5217272694720023,-1.80276938037618,-1.81,0.0,72.24488237743688,-3.756129827869727
-7.21549490026236,-2.354426257508881,-3.2792905710277536,-2.650735860758159,11.77063477559459,-4.855276629263019
-6.613056751892293,-4.821136909125237,-6.44046040809023,-5.920454076850486,-4.6247082489704185,-6.011769145362398
-8.766068367507263,-4.855276629263019,-6.008327554319921,-7.792897428228061,-12.741991419140948,-7.109149034870489
-10.331601359365951,-9.369890843703871,-11.576108481373822,-9.147801974117069,-8.492537415097157,-9.10938605636606
-10.254527264983338,-8.473449118072669,-9.688137075826292,-15.757119956383892,-9.688137075826292,-10.406728592598158
38.23953377811664,66.49117509848391,99.99999999999994,42.58290600302369,51.294671436761966,33.32688385535524
-5.936705549433649,7.099999999999881,75.78205730415725,-6.354295517576652,-1.9817054539474688,-6.5779975037813685
-9.082772459056308,8.948394010589592,-3.8,-3.0296732427211714,-7.813722773972859,-4.654030511288038
-11.936226666050402,-8.116808284437372,-8.31,-18.21004067243826,-13.587812394602711,-12.145921798994582
-14.690275218660814,-12.253561846095106,-11.211079506305591,-8.947058314499202,-13.046409590095031,-12.398670656919068
-15.14459785732193,-12.09472088828537,-14.008911756223352,-15.63880964759616,-10.36563990489725,-11.078955295348326
27.77299046861011,54.91893393801643,68.90602666338839,25.84715983736645,26.629672033040347,79.99999999999827
-6.758801167064161,57.85055953684986,13.086279917840322,-2.523977257149319,-6.2181203541515675,16.203344953435828
-9.27265817127829,21.12904313928896,-8.288604885014372,-12.122314769586904,-12.586488929595102,-8.174792738209721
-16.433715300045932,-10.787660730383035,-11.674904982886478,-15.474238425534825,-11.590822349606093,-12.249671274994649
-15.184115674256539,-16.106142879576385,-15.461844183582073,-14.021721546164486,-13.994177578018252,-15.75423464067256
-10.331601359365951,-12.918379677211131,-9.688137075826292,-10.899678894352807,-10.97367098421063,-15.007314437511479
-4.20943191472522,-2.326823994127395,-1.5022153521406416,-5.448193942646954,-17.8149538427257,57.52913974325064
-12.05654719335579,-7.199006047598224,-10.056169508065883,-13.891065600833715,-17.08709854254043,31.320794301359246
-18.058975199881445,-8.445127449850055,-14.746971797988419,-19.56379439283382,-15.826408455758429,-14.754407526391597
-21.817605804808963,-19.661164260583263,-20.0680954838303,-22.526373094831765,-25.46911001558083,-20.561513475891523
-15.764144490410004,-21.40302626921034,-16.262805695526666,-20.551192720509626,-16.091971028144826,-16.17075196468322
-21.063582453176124,-13.839930142088853,-15.922894544759888,-12.800906695662965,-26.095067150571186,-10.744621939966969
-24.250886701747273,-12.460635729849821,-13.097114732445462,-11.376327534292852,-16.37724288862215,9.662672778371359
-24.742173903681426,-19.548428445992393,-20.209317586714793,-20.629257595860505,-28.43515213959538,-10.68985327490315
-25.000596702699657,-24.9352463932799,-26.771424893465795,-27.07528981175065,-26.67743725077878,-26.27253991350377
-24.447590510541865,-25.16759563629781,-26.19496984768717,-29.39717699138363,-30.26564459001717,-26.219470358732398
-23.072605494286986,-22.434473028545263,-18.98967667470689,-27.743812249933967,-31.983446289185743,-17.754612139529147
-23.045034272406635,-19.113154593873023,-16.37816081639972,-19.0750434704388,-25.53695087974201,-20.241999264261953
-20.551668597531982,-23.87237467923676,-26.432127952763487,-24.53752368523073,-33.53935998321924,-20.97932622416517
-33.66521314248728,-26.224930938229733,-28.54156393250763,-35.90628624228763,-30.046400462466366,-27.173511465523973
-32.77284150814571,-29.13032866109682,-27.258644189205118,-34.279759168813676,-25.704095403790372,-34.019232469523445
-27.862911354692713,-31.378273282583628,-33.90353153047334,-27.443652953270657,-28.295765418645654,-31.315740965487908
-24.860818194688505,-25.456079083312037,-25.88445834640866,-30.36693704517925,-24.859241468268287,-24.002033349201728
-24.504221191149476,-28.235352962797002,-24.211655465042,-27.76752397155952,-21.67213139496191,-23.490352784332483
-29.38441993735848,-29.607138709847863,-30.955597021375652,-33.2120431368094,-29.414836405595345,-30.354169905603026
-31.12301311525092,-29.823122622530924,-27.212065013002707,-29.821151886178292,-30.218871034811237,-32.354613267759134
-28.51987933829409,-30.648909370846564,-33.00156500999259,-29.981619918560334,-26.34740421783269,-26.958303980511847
-25.605640746638755,-30.898293994854303,-27.013090689610266,-25.81256653819605,-28.98724354029703,-30.016812860652784
-25.19450433493877,-23.654338450150867,-23.534648653408333,-27.664578105078107,-24.55779390824957,-23.01846512570997
-26.34372214341061,-24.894525652547447,-20.317642936455393,-21.825688455120954,-27.94024766776701,-25.77242268831026
-5.477225575051662,-5.385164807134505,-5.099019513592785,0.0,-4.47213595499958,0.0
-5.744562646538029,-5.385164807134505,-9.8726896031426,-5.916079783099616,-4.58257569495584,0.0
-6.164414002968977,-10.406728592598158,-5.477225575051662,0.0,0.0,0.0
-6.708203932499369,-5.744562646538029,-5.916079783099616,0.0,-5.385164807134505,-6.164414002968977
-7.348469228349535,-11.712386605641056,-6.48074069840786,-7.0710678118654755,-11.4,-6.708203932499369
-7.348469228349535,-12.745587471748802,-7.1414284285428495,-7.681145747868609,0.0,-7.348469228349535
-8.706893820416095,-4.47213595499958,-4.123105625617661,-5.0,-3.878221867308895,-5.385164807134505
-4.898979485566357,-8.497058314499203,-4.242640687119286,-5.099019513592785,-7.696139529880465,-5.477225575051662
-5.385164807134505,-4.58257569495584,-4.58257569495584,-5.385164807134505,-8.169969834035953,-5.744562646538029
-6.0,-9.308061022576076,-5.099019513592785,-5.830951894845301,0.0,0.0
-12.745587471748802,-5.385164807134505,-5.744562646538029,-6.4031242374328485,-5.807302225518613,-12.745587471748802
-6.708203932499369,-6.0,0.0,-7.0710678118654755,0.0,-7.348469228349535
-3.7416573867739418,-7.1232180152264855,-6.008327554319921,-8.385516920318402,-5.879632657987004,-8.497058314499203
-7.833900688673555,-7.1232180152264855,-6.301587101675261,-8.618657157536935,-6.171123776985114,-4.58257569495584
-4.69041575982343,-10.139891518157382,-7.109149034870489,-4.69041575982343,-7.3681004935946035,-4.898979485566357
-5.385164807134505,-7.833900688673555,-4.358898943540674,-5.196152422706632,-4.578640199569273,0.0
-6.164414002968977,-8.911789943664516,-5.099019513592785,-5.830951894845301,-4.898979485566357,-6.0
-6.164414002968977,-5.385164807134505,-5.916079783099616,-6.557438524302,0.0,0.0
-5.7,-5.628569978244919,-5.8440897610176865,-7.160766861844098,-3.9740283590746874,-7.135152412796734
-6.581793068761735,-5.586946056242743,-6.839363320917394,-7.109149034870489,-7.480069242160145,-7.407645266002476
-8.17064985348321,-8.466749164809656,-8.695851761914096,-8.256038107057664,-9.067431446980684,-8.169969834035953
-9.792725855218183,-10.143715377023316,-7.109149034870489,-9.988804928974739,-8.420253619622425,-8.911789943664516
-5.744562646538029,-8.145669834035953,-13.274509227884552,-15.54541122593259,-9.83810664897699,-10.231813133555558
-5.744562646538029,-10.054464390797133,-5.477225575051662,-6.164414002968977,-5.477225575051662,-6.164414002968977
-5.0797425880235645,-3.4823691194456883,-1.80276938037618,-6.55370453403212,16.63807055431548,-5.374011537017761
-6.011769145362398,-6.167946310067803,-6.2011540759511155,-6.882937517120027,-4.155755974529696,-8.747271415181363
-13.703349200285148,-9.32780649163793,-7.048413318355492,-7.868908257953105,-8.6659120869511,-10.16662563673376
-13.246918713562529,-11.244202523858656,-11.986118985038395,-13.39347935853796,-11.137611710128805,-11.595753663807969
-10.92761772647576,-10.912358558092716,-12.178634682658078,-10.51061026777905,-13.57844425921916,-13.688666218430852
-10.899678894352807,-13.22134578521034,-10.36563990489725,-11.772998768368236,-11.124125310794316,-10.914669028422255
-0.8258257674376537,17.20863858822092,79.87806424395552,-5.651288778443979,6.039271067392978,-5.960327454682881
-8.441739744915385,40.6933438557993,4.386873441250346,-9.40618220792321,-5.105152017465521,-9.22528270036668
-14.247338011466304,-2.380094691044957,-8.138176962953015,-15.013386734466785,-13.22637958754849,-8.665157833975094
-16.939750476399517,-16.54842102170618,-16.87491515876277,-16.433661836644575,-15.454448114138124,-17.159807617634726
-21.015136962000916,-13.647817242052032,-15.581799581591328,-15.327767244504015,-14.193136313526953,-13.274509227884552
-14.593796627334507,-21.014994172008464,-14.285996599880045,-17.583243793945353,-16.73505609219088,-15.746917120160392
-1.657880777925997,23.139699069166138,57.857864374309564,-14.141590946653514,-5.324056292927333,39.19019820981497
-27.232707700968867,4.887953929278756,34.0891354962513,-16.593153386854418,-22.32034815693354,-7.686711002127555
-25.046406559710974,-4.00963690894412,-15.579133947913258,-27.81084934298768,-18.523077242434752,-18.12793597936087
-21.850029258453795,-19.590725115169786,-20.377659929879645,-22.162515448717173,-25.53510714910624,-22.686008680508472
-20.503883145511253,-18.852140269973635,-19.643962311637537,-15.782581358419407,-19.777119827673843,-17.196266779228573
-16.106781325042135,-13.79497487860134,-15.253482359200891,-22.920236553077885,-16.504370345451893,-19.972578743514926
-28.506521909391587,-5.918685733965158,18.663181118342468,-33.77943916831714,-36.25445724515815,29.7113981387417
-46.490710316511276,-1.544014620656818,-8.722796506073642,-50.62385586889479,-53.461820757993536,-4.778733290293468
-33.43942349470461,-28.942821247391105,-28.74496268368217,-30.6810454376132,-33.36432866998783,-29.203876732063982
-30.094486495553884,-30.595024111541832,-31.125956014481677,-29.88579402636823,-28.702224985443955,-29.13787649601524
-30.935229384185465,-24.00266688088143,-24.481931353130904,-27.529347990666775,-26.601779931683044,-21.20443065301518
-22.129146781367332,-23.690718310908117,-20.174412876049256,-24.164716920043517,-18.588453606371623,-20.393883768241263
-40.757545903191314,-27.61633901695408,-23.860638960316987,-34.01997105612247,-35.42012724450693,-3.6241878209881944
-39.297775361539124,-38.84243933606841,-38.79790456721158,-48.97069053303117,-51.41896885742041,-32.36490503607094
-40.84733745390294,-40.92743939363562,-39.465131057701775,-46.49935014996889,-42.30251702057775,-40.69602555853416
-33.98720195926853,-35.57530080011551,-37.23318912408385,-34.090057157139846,-36.56791010922732,-36.31277867551766
-28.857569189584527,-29.238243990875795,-31.69528839540797,-28.71983138736814,-30.682272633471406,-28.12763603678176
-23.746493978097064,-21.02549460089026,-22.431994249445314,-25.275866833927537,-32.831025885672744,-21.985416090444957
-40.26663571440475,-36.829914240557144,-35.92727506983336,-44.1642577891363,-45.103263901393454,-35.67933717575935
-48.30651289428842,-46.69286755113579,-42.90750005313052,-51.84716320798225,-44.66880527028243,-42.906468207692804
-43.39461471201585,-40.23291844653593,-44.11149033753413,-39.620145275681445,-42.04125598112745,-42.49651134648887
-38.21554833348879,-34.52860241438757,-39.3412723396443,-34.49776022429456,-35.941637423110215,-38.66631912647302
-31.2034335108168,-36.16482874103403,-27.307432935789528,-32.197616323866804,-32.89361546747505,-30.839932699826342
-32.29106727816677,-29.968010227553926,-30.12596399994829,-29.541202289588657,-34.63898773508299,-28.828457460367908
-41.88807031577548,-49.75647090287145,-43.35139574706882,-43.23271082652788,-49.27386209935931,-42.956820824638
-43.00627546015116,-41.73247755120324,-39.804425697636255,-43.67763058644657,-42.287530753356044,-41.48379281751566
-39.81583527742365,-42.820639376241914,-38.65429354649978,-44.99207325437549,-48.98474733882169,-38.63330502059567
-36.98428515049112,-39.3384286640526,-36.68399605012304,-39.50763755671251,-36.074058648412816,-36.289240844165036
-28.777760178071794,-45.79342306762957,-29.33351030037772,-29.542803223938996,-32.58995757807136,-29.842306807002128
-28.307699676755796,-31.862044141223855,-34.008826254785035,-37.466399222413955,-28.95590079891928,-27.4150800427578
-5.916079783099616,-5.830951894845301,-5.385164807134505,-6.4031242374328485,0.0,0.0
-6.164414002968977,-5.830951894845301,-5.477225575051662,-6.48074069840786,-5.099019513592785,0.0
-6.557438524302,-5.916079783099616,-5.744562646538029,-6.708203932499369,0.0,-6.164414002968977
-7.0710678118654755,-11.712386605641056,-6.164414002968977,-7.0710678118654755,0.0,0.0
-7.681145747868609,-6.557438524302,-6.708203932499369,-7.54983443527075,-6.4031242374328485,0.0
-7.681145747868609,-7.0710678118654755,-7.348469228349535,-8.12403840463596,0.0,0.0
-5.099019513592785,-5.0,-4.47213595499958,-5.656854249492381,0.0,-5.830951894845301
-5.385164807134505,-5.0,-9.069892073247573,-5.744562646538029,-4.74073660538141,-5.916079783099616
-5.830951894845301,-5.099019513592785,-9.679140528881668,-11.884664832642107,-5.06149526612902,-6.164414002968977
-6.4031242374328485,-10.231813133555558,-5.385164807134505,-6.927909907968926,0.0,-6.557438524302
-13.435028842544405,-5.830951894845301,-11.4,-7.504484411644467,-6.298605612888898,0.0
-13.435028842544405,-12.165936051122411,-6.708203932499369,-7.54983443527075,-12.459133196173802,-7.681145747868609
-8.28190799272728,-4.242640687119286,-6.85054742338158,-5.0,-7.9315965913156194,-5.0
-4.69041575982343,-8.429046413768244,-7.109149034870489,-10.130876313205187,-7.437952690835344,-5.099019513592785
-5.196152422706632,-4.358898943540674,-7.833900688673555,-5.385164807134505,-12.192001655197064,-10.67272128725653
-5.830951894845301,-8.911789943664516,-4.69041575982343,-5.830951894845301,-5.175080592465536,-5.830951894845301
-6.557438524302,-5.196152422706632,-5.385164807134505,-6.4031242374328485,-11.272610393822767,-6.4031242374328485
-6.557438524302,-5.830951894845301,-6.164414002968977,-7.0710678118654755,-6.681424641157399,-14.01131002391336
-13.753471434458927,-10.708847843255596,-9.981519323229305,-8.497058314499203,-9.796125954761127,-8.061017305526644
-8.17064985348321,-13.336152181340001,-8.582967110392595,-13.05860354646867,-10.449673240800134,-8.663745654568016
-13.512651982840124,-10.785984236848805,-9.900715377023317,-14.515292759251443,-11.597124139516328,-13.456398428466951
-10.231813133555558,-12.424662569568909,-11.614524399124832,-10.786610393822766,-9.249105654194313,-9.8726896031426
-12.244833786120022,-8.911789943664516,-14.094870794201963,-11.958312696248525,-14.755790062315414,-11.078808600206072
-6.164414002968977,-10.756598804091636,-11.38897433769073,-6.708203932499369,-12.156103759651426,-6.557438524302
-9.80819239929339,-12.197096891187872,-9.26745677965054,-12.640929741303015,-7.820214435090565,-10.656101059182674
-11.24623410907909,-12.331129042904726,-9.100830218126324,-13.601767424270061,-12.87818174896087,-10.785984236848805
-13.174955728197578,-12.826503514670172,-13.544097505733605,-14.12669282544692,-15.470008694658453,-18.63776047867983
-14.674196345769978,-14.263894418623945,-14.349436977177925,-15.316122627548426,-17.497703492213304,-13.082106215427086
-11.812567968773594,-16.205335142367197,-13.447131027621769,-17.118704768689096,-19.984189952392054,-15.54541122593259
-11.772998768368236,-15.28935544342945,-10.92761772647576,-12.917145680899878,-12.406115703688542,-11.712386605641056
-6.008327554319921,-10.750983062972821,33.495334431771475,-8.330665511027984,-10.108672212167914,-11.987356474662574
-10.485197332233007,-12.374769327608565,-4.378642342774324,-18.546381404964283,-11.599620617624304,-12.514277734196954
-20.35254201477406,-16.992015337728386,-16.91019912172044,-26.573566268536467,-20.449032429219336,-19.8504973261432
-18.721674246727908,-20.893833153187323,-22.413836393794963,-20.088708263271318,-21.381911125585933,-20.273041701930218
-17.283482658893845,-16.138215277551303,-17.026149679647517,-17.539306937185252,-21.268525246661497,-18.96138259746826
-17.31851022288003,-14.468463294261326,-21.106676894513264,-18.45438640953179,-23.670364904364572,-17.02886345565768
-25.8292856993625,-18.370163801802697,24.957804637602266,-29.880908798814346,-23.429605599717863,-15.310094578230967
-24.855922219891,-20.797116179192628,-4.123063986872175,-31.359288146023495,-33.352146215925984,-24.553910919588418
-31.902575888637386,-29.406801089765274,-29.009345426020552,-32.82040525475408,-31.429729187198486,-29.416211464777664
-28.43636139427551,-29.442676349645385,-26.116559311689556,-34.571530441576265,-28.63717288217837,-29.461690512868643
-28.358470038148013,-21.913501117266033,-25.32713026822058,-22.997408821277666,-28.11175078418205,-23.348976306712707
-27.1975249321443,-20.470051270771208,-20.41098161207713,-25.380675499857354,-25.586263946241004,-30.154830616750623
-37.36856834168977,-35.18549301690237,-1.6090135230519391,-54.660393685077395,-45.57751204805,-25.544094662525858
-58.80324307745607,-39.42550461736453,-31.389630628459354,-81.78954381396741,-83.01165654679133,-42.58900640512268
-44.697635865691716,-45.912771173888466,-44.85986627851558,-47.426650116228025,-50.14648156019243,-47.90253576641962
-38.65753568511616,-38.623243348191025,-38.11114325678569,-38.36044658309489,-37.74758271510921,-40.47984737274949
-28.80389348254586,-33.54609323156156,-31.159938185013143,-30.18320490499042,-33.135345902113414,-31.907613559375484
-24.137873288920417,-25.96207363910905,-26.911131908481835,-26.79835620754602,-32.39996156274222,-27.781692399954377
-61.4540922959365,-56.57124933813773,-46.09485867665571,-61.201880230187676,-49.796286840579555,-38.98883690419291
-91.14727884812501,-77.14559379044528,-68.30726822515626,-115.69147846721249,-83.30260638815273,-65.66732827016438
-65.82879925917221,-67.12443663244204,-62.343851325850125,-72.30414464024155,-64.46780330544445,-63.001942474918174
-44.61023104482581,-45.41437191104541,-46.47852621115084,-47.392666545523575,-49.42880691071078,-45.08020901116213
-36.461941569807,-40.191220678560725,-34.52546645015272,-44.553874789592236,-32.135851964974755,-34.46068234693975
-38.122554571387184,-29.967580185762724,-34.172184006777854,-35.28082716407394,-33.428616738431586,-34.46620627359479
-54.77630484114909,-50.868785606111054,-54.51539231320696,-57.538342143439046,-57.88369524707973,-56.241649762811576
-66.92681111236823,-64.48942503761653,-62.550633262129416,-63.929346858610394,-65.14686487196907,-62.69354487684964
-59.478556385294056,-53.08596127949929,-55.94333191231878,-69.00697155690332,-55.50648282372613,-61.188210595626906
-45.07009950255601,-50.205316396139935,-47.0406414745421,-44.538203782738364,-49.926720899691404,-45.53562898837466
-44.017741089341925,-35.721795002495675,-31.682299538397093,-33.6708619746347,-40.55270688520291,-33.81290678219693
-33.351575945428266,-31.65887632512935,-35.64393679812536,-35.6794306134456,-37.14184028349082,-36.20550832987482
-54.70066613789255,-55.75435209085873,-54.97412733468405,-59.641024891430924,-58.81454620907661,-53.482660481500915
-59.87184409607019,-58.128005087805754,-51.27058747148716,-60.088726336322644,-56.56832729423474,-58.51350862202777
-52.534852180821325,-53.81806795425758,-49.32350591206926,-51.84870704793163,-53.05514997871145,-54.51215531813515
-45.73356709514524,-42.92412313514692,-44.281469818818145,-49.47063932588417,-44.109633397395456,-46.34148019257076
-36.4773503666804,-40.2296165362823,-36.21954697892848,-37.27312311414957,-34.44125213896221,-37.49255196890192
-30.266779023755717,-32.30116220332355,-45.47080468780154,-33.704628338575695,-36.33608942495874,-35.46956917226307
-6.48074069840786,-6.4031242374328485,-5.830951894845301,-7.0710678118654755,-11.198023074035524,-12.675052933576726
-6.708203932499369,-6.4031242374328485,-5.916079783099616,-7.1414284285428495,0.0,0.0
-19.738874951524398,-6.48074069840786,0.0,0.0,-11.4,0.0
-14.344685427014426,-12.745587471748802,-12.459133196173802,-15.255539151501814,-6.4031242374328485,-7.0710678118654755
-8.12403840463596,-7.0710678118654755,-13.435028842544405,-23.918702354251685,-6.9282032302755105,-7.54983443527075
-8.12403840463596,-14.344685427014426,0.0,-8.660254037844387,-14.344685427014426,0.0
-11.373580784645606,-11.198023074035524,-5.0,-6.4031242374328485,-5.431697201281221,-6.912241119887163
-6.0,-5.656854249492381,-10.100568888372319,-6.48074069840786,-5.491320418511446,-6.48074069840786
-6.4031242374328485,-5.744562646538029,-10.67272128725653,-6.708203932499369,-10.653950551939667,-6.708203932499369
-6.9282032302755105,-6.0,-11.078808600206072,-7.0710678118654755,-5.830951894845301,-13.435028842544405
-7.54983443527075,-12.690721721658491,-6.4031242374328485,-7.54983443527075,-6.4031242374328485,-7.54983443527075
-7.54983443527075,-13.16358613752347,-14.01131002391336,-8.12403840463596,-7.0710678118654755,-8.12403840463596
-10.138137075826293,-9.95,-8.061017305526644,-11.60359427074215,-9.709971149831786,-5.656854249492381
-5.385164807134505,-10.009116882454315,-8.618657157536935,-11.240551587889271,-9.502918370499435,-10.914669028422255
-11.612073432848177,-10.138137075826293,-9.282869449970107,-6.164414002968977,-9.8250716607645,-6.0
-6.4031242374328485,-10.756598804091636,-9.8726896031426,-6.557438524302,-11.519874228485364,-12.165936051122411
-7.0710678118654755,-11.563473432848177,-5.830951894845301,-7.0710678118654755,-6.484664832642107,-6.9282032302755105
-7.0710678118654755,-6.4031242374328485,-7.082224194838078,-7.681145747868609,0.0,-14.981081530082317
-12.877691889553676,-17.27792961151745,-13.221600882787781,-15.052708383557857,-16.882552720865423,-13.55
-14.036784991722415,-16.234675549243555,-10.785984236848805,-10.899678894352807,-13.840426282948712,-9.688137075826292
-10.231813133555558,-13.256505625362173,-12.565979660366049,-16.914419673457274,-14.930054115698098,-10.67272128725653
-11.958312696248525,-9.761794893182204,-13.416077771102115,-12.316124959566,-15.723048383032143,-11.078808600206072
-12.745587471748802,-10.69072488977891,-10.231813133555558,-6.708203932499369,-12.234929027290317,-12.690721721658491
-6.708203932499369,-6.0,-11.712386605641056,-7.952207582274479,-6.48074069840786,-7.0710678118654755
-16.141407717862442,-15.720327693677188,-17.022046438118775,-15.118842881836448,-16.52614263594409,-17.554119588770977
-18.16782011504677,-15.939142030711814,-15.160921395679939,-15.431199219469825,-22.09528211362622,-16.596468048618345
-14.800663094394451,-16.552157180580604,-20.389711944155522,-21.116576148223057,-14.51568698130684,-17.60814103670029
-16.962815972071567,-17.48632515600425,-16.978767061287947,-17.586008540948143,-15.779062588728927,-19.888617444376365
-18.139088474054258,-15.202333908821247,-19.744736631910914,-12.889688508343891,-17.69280081916123,-16.836281181368957
-12.89667398983164,-16.475004190385107,-11.73350188964392,-13.568714014231414,-13.274142710550159,-12.745587471748802
-20.248138314728415,-19.26553142413011,-15.204885288948347,-19.301045000000002,-22.462591656928232,-18.69270094504933
-25.245164862407858,-25.366160017893964,-24.415128060382106,-24.29352164218715,-24.02081377270338,-28.029942706494417
-28.555429709947536,-24.445752935608223,-25.646574936511048,-24.706059038708865,-24.853115437642973,-24.417596701584998
-26.39202183006897,-22.043754003332026,-24.10660709455972,-23.19494607121328,-26.88802601942646,-23.17384142717497
-18.447067980719794,-24.351046937586815,-23.41401267309982,-23.99874695227573,-24.367001730470932,-21.700362010337162
-12.74221723249137,-21.98645889094314,-16.656879635030766,-14.130251400770366,-13.42161398640268,-18.146073955542008
-30.02655377864195,-34.665833871804075,-24.192773003361356,-34.22636998609873,-38.98053136349176,-32.4316426451261
-44.556256590328886,-40.11908562610502,-39.7562403463731,-44.180704426932934,-45.65750110693129,-40.55974607286764
-39.97738368334061,-39.41211072514133,-37.893878600274306,-41.554795027510686,-44.159769282244106,-39.6402094641906
-35.399043575078146,-37.14284663314458,-35.27530235532684,-34.2990335565964,-33.50079171712266,-34.74633363954629
-30.00552853250756,-31.970360482369195,-28.852739798685448,-31.636102282267473,-27.826305433761792,-30.98229147130226
-24.965044510999775,-22.215624643817403,-23.514901164456408,-21.087853649733944,-27.670898169478676,-24.117160193161048
-62.87936348781092,-49.891129193209764,-41.9219782577431,-49.639451379447216,-64.94666585662281,-47.93399721732534
-71.00706058456218,-70.77306115442595,-66.33110820390516,-76.80440355024544,-98.22281372747544,-69.59263607567851
-56.46316409261307,-57.086505971622834,-57.663486961592056,-61.32630723423572,-59.205446590584835,-56.96410087234193
-42.78438435105889,-42.36934621958392,-48.87137897091256,-46.48374224156536,-43.10759022608736,-43.701261883288595
-36.25712367077355,-33.352829041690086,-35.45568800471182,-31.60883844368195,-36.302353953361795,-36.01180709686574
-26.433000067416582,-36.9946125821219,-29.69738788173834,-35.22388664610229,-27.885033766928387,-24.98844130823684
-81.29364541206495,-81.67383174104462,-76.87576606088619,-88.04361352485218,-78.37790164947803,-76.98202336484161
-116.62686748652544,-114.9348707664823,-102.68978833365821,-116.37862426162482,-118.10607817379349,-105.93789315627005
-80.75900780152654,-88.44850541768339,-81.2603951733326,-80.75482818641756,-80.01212289946568,-80.14268669014872
-54.092705124959565,-58.14840924830161,-53.44490055384794,-55.08846845184551,-53.65238178148416,-55.46336299753295
-37.681496167503866,-37.41151334563132,-46.29200533728481,-41.424823837423375,-46.40173491564461,-39.151007961297125
-27.23909671419007,-33.73867059307244,-36.530936894955616,-30.162567252288643,-44.33910101031985,-31.77290320583107
-66.62551746229656,-68.8359272217013,-68.94974253958111,-70.90448177877327,-73.81490820297975,-67.80036300149806
-82.37727073408564,-78.98603455139471,-79.04022538667492,-87.50435002393763,-80.19406642563796,-88.15516273037261
-66.77568004470973,-66.04135135586901,-69.04730703953757,-72.27153487136317,-69.67161643184441,-68.91565979590439
-43.87611845050374,-51.35660898923389,-51.12112581750731,-53.418415205598585,-57.872738654813375,-54.523340363520106
-41.83038279838515,-39.89453693541612,-41.15644346285637,-37.569145339137236,-41.122602645154345,-37.23576209430673
-36.2783202283495,-35.007106637090246,-39.97411051749453,-38.94181029918721,-39.87525920191753,-40.61537960080415
-68.56778419097488,-66.44700780175683,-65.46275338830124,-64.61991157948208,-66.8152915180677,-64.6875744995998
-66.08218534487118,-65.08117629655578,-68.83810024101126,-62.59782730299238,-61.7090319798679,-65.9288361609452
-56.74742761986378,-58.04899863514855,-60.56570227539335,-60.853783814377636,-63.92977601137717,-62.16651247256337
-54.44119255939964,-53.360226960254586,-48.78659242131389,-51.203181484692415,-53.74329643853289,-49.58012036600264
-45.005543477318184,-43.93101369757113,-40.33475261350131,-45.87760841672724,-48.988943916770324,-39.28216080685096
-46.28430987701127,-38.99754035651447,-41.906239841404215,-42.74408952498344,-39.8158716821692,-37.11121709469546
-7.1414284285428495,-13.435028842544405,-12.165936051122411,-7.0710678118654755,-6.912241119887163,-7.0710678118654755
-13.962091533864118,-13.435028842544405,0.0,0.0,0.0,0.0
-7.681145747868609,-13.568714014231414,-6.708203932499369,-7.348469228349535,0.0,0.0
-15.435672968808326,-13.962091533864118,-13.435028842544405,-7.681145747868609,-13.435028842544405,-15.230573024018248
-17.185646128321572,-20.815904976723928,-14.344685427014426,-15.435672968808326,-20.460051319583734,-16.16683642522556
-8.660254037844387,-16.16683642522556,-15.435672968808326,-8.660254037844387,-8.803523503810329,-8.660254037844387
-12.313407326974936,-6.4031242374328485,-5.656854249492381,-6.4031242374328485,-5.830951894845301,-7.0710678118654755
-6.708203932499369,-12.165936051122411,-5.744562646538029,-6.48074069840786,-6.374991539322966,0.0
-7.0710678118654755,-6.48074069840786,-6.0,-6.708203932499369,-6.164414002968977,0.0
-7.54983443527075,-6.708203932499369,-6.4031242374328485,-7.0710678118654755,-6.557438524302,-15.230573024018248
-15.435672968808326,-7.0710678118654755,-6.9282032302755105,0.0,0.0,-23.417739745546807
-8.12403840463596,-7.54983443527075,-8.173372725995547,-8.12403840463596,-7.681145747868609,-17.185646128321572
-11.770620752773063,-11.60359427074215,-10.293653895656663,-11.60359427074215,-11.052967902133874,-6.4031242374328485
-17.260359208313133,-11.563173989771737,-9.688137075826292,-11.69946334411262,-5.889657387597687,-6.48074069840786
-6.557438524302,-11.240551587889271,-10.69072488977891,-17.771821873898887,-12.29533188963238,-6.708203932499369
-7.0710678118654755,-6.164414002968977,-11.54646231824967,-6.557438524302,-6.649078835611083,-7.0710678118654755
-7.681145747868609,-6.557438524302,-6.4031242374328485,0.0,0.0,-7.54983443527075
-14.594176920950357,-7.0710678118654755,-7.0710678118654755,-20.815904976723928,-7.348469228349535,-8.12403840463596
-10.915684368701857,-15.980401223850963,-20.73920022958831,-10.716477966197665,-15.9976816529322,-11.563173989771737
-16.51937937071614,-15.957223455074082,-9.130820316880754,-15.795892356072887,-5.655064178929983,-11.765337258425347
-17.759676742553623,-15.788435433871598,-14.617519552954308,-17.0619255164826,-17.507243557447126,-12.197051438283161
-13.30038473201601,-11.469466288689462,-10.67272128725653,-12.267183865908263,-12.713142057643427,-12.983918866709878
-7.348469228349535,-6.164414002968977,-11.884664832642107,-6.708203932499369,-13.354998082713472,-7.0710678118654755
-7.348469228349535,-13.285587471748801,-6.708203932499369,-7.348469228349535,-7.1414284285428495,-7.681145747868609
-19.49124836715319,-24.143334826008623,-19.722092397288613,-19.64239198006699,-15.495551866153585,-19.852284314190445
-15.748834487271347,-20.220201139831936,-12.700288817316437,-15.263655425253376,-22.08128276627708,-15.352237084493702
-16.94810143408524,-19.890538111574458,-17.436363803449595,-21.557660997012793,-22.538271383301797,-21.18121944977012
-18.139088474054258,-16.494916032615702,-19.955432149827118,-17.57134856378417,-17.33218234117286,-17.22257258623435
-20.51460714099005,-22.213357782544087,-16.59376477211806,-12.89667398983164,-13.625685687634515,-12.745587471748802
-7.1414284285428495,-18.139088474054258,-12.8458545074539,-7.1414284285428495,-7.0710678118654755,-13.962091533864118
-24.646689046336903,-24.101698896777684,-25.516408354426535,-24.504975050000006,-28.889684076675188,-26.941588598261838
-25.522164658273667,-28.758876591827352,-28.43360118540053,-24.99026919201087,-32.61311892184986,-26.847851663104795
-26.764088416197943,-29.859857642522034,-25.921824637340826,-26.392665847793822,-28.583546094532494,-29.247550813546212
-24.67848738738759,-26.86967185706437,-19.35577168579912,-17.28583638142327,-23.424120199164193,-21.74944240246228
-20.430572821142505,-17.877938621930454,-21.876716697576487,-19.017919297599306,-20.16111744480705,-24.24412873939142
-14.071424945612296,-19.067334452557077,-12.690721721658491,-14.071424945612296,-15.372683842354476,-14.151980677088122
-39.691907848352486,-39.272308560305106,-40.68353541925102,-43.6774502779435,-41.68339768190448,-41.12005467705544
-44.61798047283418,-46.43458213300216,-44.5215104371617,-43.79491632953342,-49.5114315336145,-41.381886362438095
-40.51252565879626,-42.65108201090689,-40.41802909487049,-41.87344890133357,-43.9554037757855,-39.67063644106997
-34.934906257626665,-33.33908395535053,-34.13631608521394,-34.43874597448833,-32.47867680910945,-31.800368767873227
-26.19251902175764,-30.65650256507683,-37.80062010922512,-31.646436417250527,-27.86026611547061,-24.609615152383185
-20.593088974614552,-26.437663641033144,-24.99653764394474,-27.606147560135994,-22.414962202542306,-20.257528014756456
-57.77010715617139,-55.94718395434776,-57.204468808737516,-60.25148716479993,-60.938861950259195,-55.8537311041544
-67.0793350958499,-65.78927514118375,-62.40611554538728,-66.64314126101237,-63.93825264703305,-64.81897889396552
-56.21171484819513,-62.48428166865102,-53.30629842443486,-53.45068030446837,-54.51933158077081,-56.745476207319705
-47.72002204257943,-49.024885730880534,-47.013811266582536,-47.17619883417135,-51.41446593436264,-38.40625216831379
-34.002705474471455,-37.94804856132504,-34.90327047204008,-32.32307513810177,-34.74848902874672,-35.421926144650456
-28.84445391677813,-26.870328256741708,-32.69910138504508,-28.789715525187212,-31.81093464391848,-33.56201905851427
-75.89868735578968,-74.72054934555976,-75.63855139581335,-79.8766807406384,-77.91334768849607,-74.44491709367675
-81.11141247545308,-84.25797449291699,-91.26351673013495,-87.08831121369897,-81.86050419200663,-81.2682776664856
-64.13764339024738,-64.4668327864113,-66.96852239669681,-68.00836693794993,-72.2114977585863,-66.40789980905777
-55.49554421907572,-53.160468620171756,-50.92806388795807,-55.62763370261439,-52.86314117326382,-53.38577027853649
-41.24319469666344,-42.40806617803493,-42.67331731183964,-40.154389134610824,-37.333914840331246,-44.10932757996479
-37.5328637185914,-35.90832397710058,-34.35568917488192,-37.645256981386765,-39.77819815973916,-35.53261458976098
-73.06925348045064,-72.45608234954986,-73.20762441892711,-70.5720158871156,-68.61116600247625,-73.55226213515192
-71.82395582569359,-78.61521025061661,-70.35321293530313,-73.00129809821067,-74.90467132788208,-71.24002904845645
-66.99858325482192,-62.53950222806152,-65.06269906297412,-62.74014309773085,-69.41655166753077,-62.52876449159169
-53.35166656121507,-48.84921872302127,-54.153576661407335,-54.26960183143022,-51.01658559318506,-57.347907187214076
-45.455958387208796,-43.63640110082706,-40.16990221684286,-43.52880764480163,-43.290464987110084,-40.42606953673516
-39.8158716821692,-37.77267152986924,-36.109545882934924,-46.691170185683525,-42.38578578214475,-44.27383070029747
-64.44364188335672,-69.94574186055056,-66.05856108879944,-67.22052014715669,-66.50488135288049,-64.98929978422757
-64.41210039829771,-67.9171804824708,-64.89262038746892,-61.24358428484537,-67.43355408338098,-60.224928342103375
-63.4153168631597,-58.80491705703507,-57.94082398900729,-63.316169493141416,-63.122911308106985,-60.745347258005786
-57.72792836095905,-50.74254491291693,-53.19738473943022,-44.50904832122187,-44.78607983068568,-48.32106356826249
-44.64927426142864,-48.481129749965774,-44.17783465319506,-46.7026509602971,-47.54175136998347,-49.82758030549312
-41.39821847263642,-36.723570784333084,-45.10993024955414,-33.90955830381625,-34.12485635046799,-40.03873283431865
